Date,Sales,Product,Region,Discount,Ad_Spend,Is_Promo,Holiday,Missing_Flag
01-01-2020,209.93,B,East,2.11,8697.69,0,1,0
02-01-2020,198.15,B,East,5.01,4320.25,0,0,0
03-01-2020,214.77,B,North,2.34,8083.65,0,0,0
04-01-2020,233.19,B,South,4.1,2634.04,0,0,0
05-01-2020,198.96,D,West,29.51,13022.18,1,0,0
06-01-2020,199.87,A,West,7.71,4954.59,0,0,0
07-01-2020,237.04,B,East,2.28,1002.28,0,0,0
08-01-2020,221.71,A,North,22.97,26377.92,1,0,0
09-01-2020,197.87,C,North,11.37,45052.56,1,0,0
10-01-2020,219.02,A,North,27.95,21919.19,1,0,0
11-01-2020,199.8,C,South,5.02,870.34,0,0,0
12-01-2020,200.65,D,South,16.56,22026.23,1,0,0
13-01-2020,215.69,A,North,5.6,7814.9,0,0,0
14-01-2020,173.48,C,West,4.86,1515.88,0,0,0
15-01-2020,178.14,A,West,5.05,6471.6,0,0,0
16-01-2020,202.27,D,South,1.76,9174.26,0,0,0
17-01-2020,194.14,A,North,8.13,6798.37,0,0,0
18-01-2020,221.56,C,West,5.42,8110.22,0,0,0
19-01-2020,197.99,B,West,1.31,1089.72,0,0,0
20-01-2020,188.77,B,South,7.66,2507.32,0,0,0
21-01-2020,247.19,B,South,9.32,8945.39,0,0,0
22-01-2020,214.22,D,West,9.47,7151.06,0,0,0
23-01-2020,220.94,B,North,3.69,6395.54,0,0,0
24-01-2020,191.94,D,West,1.36,6637.67,0,0,0
25-01-2020,210.39,B,West,5.18,4142.01,0,0,0
26-01-2020,224.33,D,North,1.13,445.57,0,0,0
27-01-2020,,D,South,20.71,10370.1,1,0,1
28-01-2020,231.28,A,North,1.84,6787.13,0,0,0
29-01-2020,212.56,B,North,2.53,4728.04,0,0,0
30-01-2020,219.55,A,North,4.07,8997.6,0,0,0
31-01-2020,214.15,C,North,3.83,3361.6,0,0,0
01-02-2020,264.03,B,South,7.95,2943.22,0,0,0
02-02-2020,227.5,B,West,4.56,8727.96,0,0,0
03-02-2020,207.4,B,East,1.71,7969.88,0,0,0
04-02-2020,245.77,B,South,2.67,5149.8,0,0,0
05-02-2020,205.67,A,North,5.09,1307.35,0,0,0
06-02-2020,235.02,A,West,1.47,2150.71,0,0,0
07-02-2020,192.39,D,West,6.12,6562.28,0,0,0
08-02-2020,205.76,A,North,5.66,3850.41,0,0,0
09-02-2020,236.99,D,South,7.15,8364.73,0,0,0
10-02-2020,248.54,C,North,9.38,9499.55,0,0,0
11-02-2020,237.91,A,West,11.06,36838.99,1,0,0
12-02-2020,232.87,D,West,24.52,40157.51,1,0,0
13-02-2020,229.85,B,South,2.45,7886.86,0,0,0
14-02-2020,206.98,C,East,1.32,3514.42,0,0,0
15-02-2020,222.83,D,North,3.02,1671,0,0,0
16-02-2020,228.67,C,East,8.95,333.93,0,0,0
17-02-2020,259.67,B,West,9.72,3857.17,0,0,0
18-02-2020,246.04,B,East,13.33,31104.98,1,0,0
19-02-2020,204.54,D,North,17.59,30698.44,1,0,0
20-02-2020,246.9,D,North,9.47,2065.13,0,0,0
21-02-2020,233.32,B,West,4.23,9698.21,0,0,0
22-02-2020,228.08,D,South,0.09,250.04,0,0,0
23-02-2020,254.43,B,South,4.42,7857.82,0,0,0
24-02-2020,263.39,A,West,0.46,3213.7,0,0,0
25-02-2020,261.95,D,North,5.44,374.88,0,0,0
26-02-2020,227.09,C,South,3.39,9178.03,0,0,0
27-02-2020,238.22,B,East,4.73,1396.42,0,0,0
28-02-2020,251.56,A,West,6.13,5517.79,0,0,0
29-02-2020,264.95,D,East,22.05,43146.69,1,0,0
01-03-2020,236.35,B,North,6.62,651.93,0,0,0
02-03-2020,242.71,A,South,4.34,499.22,0,0,0
03-03-2020,224.77,D,North,8.19,1155.57,0,0,0
04-03-2020,223.43,B,East,9.06,713.67,0,0,0
05-03-2020,264.05,B,North,1.2,7605.58,0,0,0
06-03-2020,275.36,B,North,5.32,4855.66,0,0,0
07-03-2020,247.21,D,West,2.85,3428.92,0,0,0
08-03-2020,269.13,A,West,0.47,4183.69,0,0,0
09-03-2020,256.68,B,North,18.72,10036.23,1,0,0
10-03-2020,236.92,A,West,8.63,9107.52,0,0,0
11-03-2020,257.42,A,North,1.63,7156.76,0,0,0
12-03-2020,281.3,C,East,8.12,8846.82,0,0,0
13-03-2020,250.16,A,West,8.53,3196.48,0,0,0
14-03-2020,282.5,A,North,9.14,3811.09,0,0,0
15-03-2020,199.12,A,West,2.65,6137.12,0,0,0
16-03-2020,268.24,A,North,9.04,6236.26,0,0,0
17-03-2020,253.83,A,West,3.21,4817,0,0,0
18-03-2020,246.37,D,South,16.56,38642.52,1,0,0
19-03-2020,254.44,C,North,0.51,9861.8,0,0,0
20-03-2020,,B,South,0.44,8211.24,0,0,1
21-03-2020,248.67,C,North,7.2,4349.8,0,0,0
22-03-2020,260.42,C,South,4.44,7272.92,0,0,0
23-03-2020,283.03,B,North,2.56,2695.62,0,0,0
24-03-2020,243.28,A,West,1.9,1001.69,0,0,0
25-03-2020,237.64,B,South,6.7,3524.31,0,0,0
26-03-2020,243.93,A,West,0,4029.73,0,0,0
27-03-2020,272.4,B,North,8.06,165.37,0,0,0
28-03-2020,260.79,D,West,0.79,8147.92,0,0,0
29-03-2020,243.73,C,North,1.91,3591.93,0,0,0
30-03-2020,264.68,A,West,3.86,5804.18,0,0,0
31-03-2020,256.43,C,South,4.85,739.63,0,0,0
01-04-2020,273.92,A,North,14.73,10787.33,1,0,0
02-04-2020,240.55,B,West,3.21,8896.94,0,0,0
03-04-2020,248.07,B,North,9.64,6086.88,0,0,0
04-04-2020,246.8,B,North,6.42,9502.84,0,0,0
05-04-2020,225.38,D,North,0.23,9987.5,0,0,0
06-04-2020,260.56,B,East,4.3,3718.6,0,0,0
07-04-2020,259.83,B,North,8.75,2988.03,0,0,0
08-04-2020,,D,West,3.01,8583.56,0,0,1
09-04-2020,249.81,C,East,0.95,9986.11,0,0,0
10-04-2020,226.13,C,West,7.58,6296.41,0,0,0
11-04-2020,245.93,A,East,6.06,7951.41,0,0,0
12-04-2020,247.39,C,North,5.7,7817.46,0,0,0
13-04-2020,238.09,A,South,0.54,3553.4,0,0,0
14-04-2020,250.77,A,South,1.4,5742.7,0,0,0
15-04-2020,261.94,C,North,6.23,8330.57,0,0,0
16-04-2020,291.42,C,East,2.08,6881.14,0,0,0
17-04-2020,257.02,D,West,5.04,211.64,0,0,0
18-04-2020,258.49,A,South,5.45,3367.06,0,0,0
19-04-2020,251.65,C,North,2.84,1444.76,0,0,0
20-04-2020,214.54,C,North,9.48,2329.72,0,0,0
21-04-2020,252.16,D,East,8.42,9054.89,0,0,0
22-04-2020,253.65,C,South,18.43,34567.35,1,0,0
23-04-2020,301.45,B,North,0.78,2198.01,0,0,0
24-04-2020,248.07,B,South,1.06,3095.69,0,0,0
25-04-2020,257.66,A,West,4.93,6168.84,0,0,0
26-04-2020,250.64,D,North,1.61,5341.02,0,0,0
27-04-2020,227.64,C,North,9.78,2182.69,0,0,0
28-04-2020,273.55,A,West,1.59,1642.41,0,0,0
29-04-2020,265.39,C,North,12.13,24532.98,1,0,0
30-04-2020,265.82,B,East,3.64,5025.3,0,0,0
01-05-2020,231.45,C,West,6.39,2711.78,0,0,0
02-05-2020,277.31,C,East,1.29,9476.03,0,0,0
03-05-2020,220.83,C,West,4.3,4638.65,0,0,0
04-05-2020,260.2,B,West,2.75,587.96,0,0,0
05-05-2020,291.86,B,East,8.88,7292.66,0,0,0
06-05-2020,227.81,D,West,0.41,3288.45,0,0,0
07-05-2020,235.85,B,South,9.14,6534.89,0,0,0
08-05-2020,248.72,A,East,8.33,2795.94,0,0,0
09-05-2020,236.19,C,West,2.98,5707.44,0,0,0
10-05-2020,214.77,B,East,7.89,7721.53,0,0,0
11-05-2020,246.67,A,West,19.64,39440.69,1,0,0
12-05-2020,223.55,B,West,9.67,2611.27,0,0,0
13-05-2020,253.76,C,South,15.64,47160.84,1,0,0
14-05-2020,225.37,A,South,3.03,4642.66,0,0,0
15-05-2020,274.23,B,South,3.63,9271.75,0,0,0
16-05-2020,227.02,B,West,0.66,9013.87,0,0,0
17-05-2020,235.69,A,South,9.89,898.78,0,0,0
18-05-2020,257.83,D,East,0.39,1319.3,0,0,0
19-05-2020,216.37,A,West,6.55,4955.09,0,0,0
20-05-2020,244.95,A,East,4.43,1066.19,0,0,0
21-05-2020,265.95,A,South,9.49,3455.81,0,0,0
22-05-2020,207.05,A,West,2.46,1483.85,0,0,0
23-05-2020,242.28,B,East,5.32,6360.4,0,0,0
24-05-2020,243.16,A,North,21.18,34950.89,1,0,0
25-05-2020,252.97,A,East,7.03,9967.34,0,0,0
26-05-2020,211.95,C,West,0.68,3752.41,0,0,0
27-05-2020,209.63,B,North,1.94,5990.13,0,0,0
28-05-2020,245.82,C,South,2.15,8562.68,0,0,0
29-05-2020,240.65,B,South,7.38,1174.62,0,0,0
30-05-2020,239.05,D,East,1.89,6895.64,0,0,0
31-05-2020,240.28,D,South,5.73,4088.44,0,0,0
01-06-2020,219.06,B,East,2.15,2061.46,0,0,0
02-06-2020,236.61,D,East,8.62,4027.54,0,0,0
03-06-2020,237.12,D,East,9.42,759.6,0,0,0
04-06-2020,216.26,B,East,12.52,28427.4,1,0,0
05-06-2020,267.14,A,West,3.52,2527.43,0,0,0
06-06-2020,238.58,C,West,2.34,3114.06,0,0,0
07-06-2020,204.54,B,North,0.5,1210.81,0,0,0
08-06-2020,240.76,B,North,2.69,8646.59,0,0,0
09-06-2020,207.39,B,South,22.97,13130.98,1,0,0
10-06-2020,241.88,C,West,5.34,5721.47,0,0,0
11-06-2020,248.55,B,North,9.44,5694.33,0,0,0
12-06-2020,208.21,C,West,3.96,4104.93,0,0,0
13-06-2020,243.12,C,West,6.94,1925.3,0,0,0
14-06-2020,231.34,D,South,4.89,7451.33,0,0,0
15-06-2020,238.75,A,South,5.13,1270.56,0,0,0
16-06-2020,259.47,D,East,2.68,1038.74,0,0,0
17-06-2020,215.84,B,West,4.55,7101.45,0,0,0
18-06-2020,204.89,B,East,16.02,33726.24,1,0,0
19-06-2020,201.39,C,East,7.07,3067.73,0,0,0
20-06-2020,202.07,D,East,9.41,4752.27,0,0,0
21-06-2020,216.05,C,West,3.29,4493.51,0,0,0
22-06-2020,223.61,D,West,0.42,7085.79,0,0,0
23-06-2020,221.52,D,East,22.33,23365.46,1,0,0
24-06-2020,231.73,D,West,5.44,6443.96,0,0,0
25-06-2020,214.64,D,East,1.68,7140.54,0,0,0
26-06-2020,242.65,D,North,7.6,2926.13,0,0,0
27-06-2020,207.48,A,West,9.85,3223.33,0,0,0
28-06-2020,,B,South,9.46,4379.98,0,0,1
29-06-2020,223.66,D,South,1.97,3074.62,0,0,0
30-06-2020,193.2,D,East,8.75,9849.38,0,0,0
01-07-2020,188.11,C,North,7.04,8140.52,0,0,0
02-07-2020,218.37,B,West,4.54,1646.55,0,0,0
03-07-2020,203.44,B,East,5.41,55.94,0,0,0
04-07-2020,221.38,B,North,21.31,43069.11,1,0,0
05-07-2020,215.75,D,North,4.8,2440.63,0,0,0
06-07-2020,204.02,C,West,3.73,1142.91,0,0,0
07-07-2020,187.74,B,South,4.93,5333.38,0,0,0
08-07-2020,173.57,C,South,5.79,8579.95,0,0,0
09-07-2020,194.13,A,North,1.89,7367.5,0,0,0
10-07-2020,219.39,A,South,11.73,12890.87,1,0,0
11-07-2020,205.74,C,North,6.74,3992.99,0,0,0
12-07-2020,175.75,D,North,6.33,5078.94,0,0,0
13-07-2020,203.33,B,North,0.99,8102.06,0,0,0
14-07-2020,206.78,A,South,6.04,8391.22,0,0,0
15-07-2020,,A,East,1.21,9097.18,0,0,1
16-07-2020,200.57,C,South,0.79,5092.45,0,0,0
17-07-2020,197.88,D,East,5.27,6942.75,0,0,0
18-07-2020,173.08,C,South,4.03,1118,0,0,0
19-07-2020,202.32,C,West,5.89,5652.89,0,0,0
20-07-2020,205.61,C,West,0.89,2486.92,0,0,0
21-07-2020,215.29,C,South,4.31,4317.17,0,0,0
22-07-2020,213.95,C,West,1.75,6340.51,0,0,0
23-07-2020,164.56,D,West,9.87,2569.86,0,0,0
24-07-2020,172.61,C,West,5.61,521.85,0,0,0
25-07-2020,200.92,D,West,6.87,102.34,0,0,0
26-07-2020,200.16,B,East,3.25,221.6,0,0,0
27-07-2020,199.45,B,North,0.95,83.5,0,0,0
28-07-2020,265.48,B,East,9.76,1103.55,0,0,0
29-07-2020,199.12,B,North,2.86,2394.89,0,0,0
30-07-2020,209.7,A,North,4.24,2212.22,0,0,0
31-07-2020,205.37,D,South,17.74,15780.61,1,0,0
01-08-2020,198.62,B,South,0.25,3060.06,0,0,0
02-08-2020,178.59,A,South,8.1,1274.21,0,0,0
03-08-2020,199.39,D,South,5.37,5455.63,0,0,0
04-08-2020,168.08,A,South,2.78,8579.57,0,0,0
05-08-2020,178.13,A,East,0.62,6780.6,0,0,0
06-08-2020,172.5,C,East,1.62,2960.82,0,0,0
07-08-2020,183.2,A,West,8.95,5616.16,0,0,0
08-08-2020,227.21,A,East,6.86,7148.56,0,0,0
09-08-2020,142.94,D,East,2.5,7281.04,0,0,0
10-08-2020,193.39,A,South,0.66,6665.38,0,0,0
11-08-2020,146.79,C,West,6.91,8708.1,0,0,0
12-08-2020,169,B,East,5.72,8701.05,0,0,0
13-08-2020,199.63,B,East,4.05,5789.37,0,0,0
14-08-2020,178.55,D,West,3.64,4298.56,0,0,0
15-08-2020,155.13,D,North,2.17,6415.7,0,0,0
16-08-2020,161.81,A,South,6.7,8182.12,0,0,0
17-08-2020,189.16,D,East,9.71,56.52,0,0,0
18-08-2020,160.41,A,East,1.76,9919.97,0,0,0
19-08-2020,178.82,D,West,5.97,1828.94,0,0,0
20-08-2020,174.88,B,East,14.57,16837.8,1,0,0
21-08-2020,160.42,B,South,4.47,8720.3,0,0,0
22-08-2020,215.83,B,East,2.54,2250.4,0,0,0
23-08-2020,185.15,B,North,8.25,4767.95,0,0,0
24-08-2020,131.49,A,South,4.85,1325.82,0,0,0
25-08-2020,175.26,A,North,5.43,3950.76,0,0,0
26-08-2020,157.84,A,West,3.05,1771.35,0,0,0
27-08-2020,187.68,B,South,1.82,3636.28,0,0,0
28-08-2020,154.35,C,East,0.86,3734.64,0,0,0
29-08-2020,167.49,B,South,7.14,9931.71,0,0,0
30-08-2020,179.48,B,South,1.96,9948.13,0,0,0
31-08-2020,186.31,C,South,21.96,14174.86,1,0,0
01-09-2020,144.61,C,North,3.9,7259.69,0,0,0
02-09-2020,161.56,D,West,4.16,517.45,0,0,0
03-09-2020,158.4,B,South,4.69,301.92,0,0,0
04-09-2020,154.49,C,East,18.21,47550,1,0,0
05-09-2020,202.54,D,South,1.01,9654.86,0,0,0
06-09-2020,175.02,C,South,3.1,9408.64,0,0,0
07-09-2020,141.4,C,West,6.64,1939.28,0,0,0
08-09-2020,184.69,D,East,6.66,1616.72,0,0,0
09-09-2020,208.51,B,East,2.86,2405.35,0,0,0
10-09-2020,186.46,D,North,4.6,5155.47,0,0,0
11-09-2020,135.17,B,East,1.93,5697.05,0,0,0
12-09-2020,,C,East,2.1,2215.93,0,0,1
13-09-2020,190.45,D,East,0.23,7566.23,0,0,0
14-09-2020,150.76,A,South,8.97,3095.53,0,0,0
15-09-2020,173.6,C,North,2.11,9221.31,0,0,0
16-09-2020,180.05,D,East,2.28,6567.23,0,0,0
17-09-2020,145.86,C,East,2.8,4363.51,0,0,0
18-09-2020,163.06,D,East,27.29,37814.17,1,0,0
19-09-2020,99.29,B,South,6.39,8179.15,0,0,0
20-09-2020,143.52,A,South,0.75,2904.82,0,0,0
21-09-2020,158.85,C,North,1.34,3397.15,0,0,0
22-09-2020,138.86,A,West,29.33,17956.67,1,0,0
23-09-2020,196.39,B,North,3.4,1647.41,0,0,0
24-09-2020,135.08,D,South,7.08,421.5,0,0,0
25-09-2020,154.84,A,East,5.57,4540.55,0,0,0
26-09-2020,166.23,D,East,2.56,8012.1,0,0,0
27-09-2020,192.43,B,North,6.51,7716.68,0,0,0
28-09-2020,134.89,C,East,1.16,9195.31,0,0,0
29-09-2020,186.89,B,South,5.36,5332.01,0,0,0
30-09-2020,163.86,A,North,27.55,15286.47,1,0,0
01-10-2020,144.07,A,West,2.68,5886.89,0,0,0
02-10-2020,173,A,South,6.04,7783.96,0,0,0
03-10-2020,167.82,D,South,8.71,933.28,0,0,0
04-10-2020,151.92,C,East,9.99,1726.57,0,0,0
05-10-2020,165.43,A,South,6.08,122.91,0,0,0
06-10-2020,156.45,A,South,4.05,5936.53,0,0,0
07-10-2020,166.56,A,West,2.25,8867.34,0,0,0
08-10-2020,177.68,B,East,2.57,6706.63,0,0,0
09-10-2020,196.32,A,South,27.16,19971.81,1,0,0
10-10-2020,140.03,B,East,3.67,630.34,0,0,0
11-10-2020,207.64,A,South,9.14,9030.01,0,0,0
12-10-2020,126.14,B,West,12.58,32507.55,1,0,0
13-10-2020,162.37,D,East,3.73,3142.42,0,0,0
14-10-2020,177.41,D,East,3.84,9735.27,0,0,0
15-10-2020,171.52,B,West,8.37,2879.38,0,0,0
16-10-2020,153.71,C,North,6.51,8893.05,0,0,0
17-10-2020,162.28,C,South,6.14,8807.49,0,0,0
18-10-2020,156.88,B,South,3.34,7576.58,0,0,0
19-10-2020,155.26,D,North,8.18,5634.7,0,0,0
20-10-2020,184.36,B,East,0.38,1200.03,0,0,0
21-10-2020,174.85,C,East,8.71,5319.72,0,0,0
22-10-2020,154.2,B,West,5.13,3567.96,0,0,0
23-10-2020,186.41,D,West,3.98,7922.17,0,0,0
24-10-2020,174.95,C,West,27.82,18771.81,1,0,0
25-10-2020,185.45,C,North,6.67,9106.13,0,1,0
26-10-2020,182.19,A,North,0.13,148.3,0,0,0
27-10-2020,153.44,A,East,8.72,8091.03,0,0,0
28-10-2020,159.25,C,West,4.47,9384.62,0,0,0
29-10-2020,185.84,C,East,11.93,25518.09,1,0,0
30-10-2020,183.56,B,North,1.38,1301.94,0,0,0
31-10-2020,171.41,D,South,4.39,812.79,0,0,0
01-11-2020,,C,East,4.96,208.45,0,0,1
02-11-2020,198.36,D,North,4.04,6287.45,0,0,0
03-11-2020,161.49,C,West,6.79,6296.73,0,0,0
04-11-2020,184.78,D,South,25.49,30295.76,1,0,0
05-11-2020,170.33,A,South,9.61,3980.43,0,0,0
06-11-2020,170.57,C,South,5.99,3319.06,0,0,0
07-11-2020,197.46,B,West,8.07,6244.25,0,0,0
08-11-2020,192.56,D,South,1.09,8256.09,0,0,0
09-11-2020,192.91,C,North,3.97,9367.74,0,0,0
10-11-2020,203.34,A,East,3.37,8031.24,0,0,0
11-11-2020,178.25,A,South,5.69,4266.74,0,0,0
12-11-2020,192.09,A,South,8.61,6349.14,0,0,0
13-11-2020,172.87,A,North,0.78,8562.99,0,0,0
14-11-2020,186.2,C,West,0.73,4906.1,0,0,0
15-11-2020,177.76,B,South,8.5,2166.87,0,0,0
16-11-2020,182.97,D,North,2.13,1697.23,0,0,0
17-11-2020,193.6,B,North,6.69,1.58,0,0,0
18-11-2020,166.01,D,West,5.43,7182.38,0,0,0
19-11-2020,224.92,B,West,8.33,1110.97,0,0,0
20-11-2020,163.65,C,East,1.25,2438.39,0,0,0
21-11-2020,160.19,C,South,1.3,2978.76,0,0,0
22-11-2020,208.36,D,East,5.57,5603.8,0,0,0
23-11-2020,201.76,C,North,9.46,3979.57,0,0,0
24-11-2020,199.15,D,South,4.15,6746.74,0,0,0
25-11-2020,199.98,B,North,3.27,556.39,0,0,0
26-11-2020,187.92,C,North,6.07,1239.39,0,0,0
27-11-2020,170.98,C,North,9.3,4992.12,0,0,0
28-11-2020,191.22,D,West,8.37,3369.65,0,0,0
29-11-2020,176.94,D,West,9.95,2958.13,0,0,0
30-11-2020,210.77,D,South,15.65,23844.29,1,0,0
01-12-2020,189.12,D,North,1.13,8957.19,0,0,0
02-12-2020,176.35,A,North,6.09,6918.19,0,0,0
03-12-2020,187.24,D,South,8.21,1216.18,0,0,0
04-12-2020,202.75,A,East,11.1,24097.31,1,0,0
05-12-2020,184.04,B,North,2.39,9748.73,0,0,0
06-12-2020,179.7,D,West,7.87,6811.73,0,0,0
07-12-2020,201.85,A,East,0.56,4174.56,0,0,0
08-12-2020,202.72,A,East,3.69,7017.31,0,0,0
09-12-2020,188.52,A,East,5.06,7563.32,0,0,0
10-12-2020,190.1,C,East,5.6,7799.62,0,0,0
11-12-2020,205.01,A,East,7.29,4778.77,0,0,0
12-12-2020,172.27,D,East,3.55,4298.83,0,0,0
13-12-2020,173.95,D,South,16.06,20874.43,1,0,0
14-12-2020,188.61,D,South,5.85,9265.57,0,0,0
15-12-2020,199.58,A,East,5.48,6033.08,0,0,0
16-12-2020,210.95,A,West,6.4,2031.54,0,0,0
17-12-2020,235.12,C,South,2.59,9196.03,0,0,0
18-12-2020,223.66,B,South,0.85,9149.32,0,0,0
19-12-2020,204.2,C,East,1.19,9891.84,0,0,0
20-12-2020,207.91,D,West,2.25,8740.57,0,0,0
21-12-2020,189.13,D,East,5,9977.84,0,0,0
22-12-2020,209.71,D,West,8.4,2446.86,0,0,0
23-12-2020,205.21,C,West,7.01,8422.5,0,0,0
24-12-2020,218.34,D,North,7.89,8230.28,0,0,0
25-12-2020,196.25,D,South,3.51,2309.4,0,0,0
26-12-2020,224.09,D,East,4.05,984.38,0,0,0
27-12-2020,245.26,A,South,3.94,9794.21,0,0,0
28-12-2020,213.34,B,South,19,28786.17,1,0,0
29-12-2020,224.46,A,West,0.61,8708.92,0,0,0
30-12-2020,,A,South,5.91,41.27,0,0,1
31-12-2020,210.23,B,North,9.89,210.25,0,0,0
01-01-2021,223.64,B,East,1.67,4658.71,0,1,0
02-01-2021,220.32,C,South,0.47,2387.15,0,0,0
03-01-2021,222.93,B,East,7.8,6898.41,0,0,0
04-01-2021,206.43,C,South,2.53,5655.64,0,0,0
05-01-2021,223.29,C,East,8.3,774.86,0,0,0
06-01-2021,233.67,A,East,7.04,1626.28,0,0,0
07-01-2021,253.63,D,East,27.07,44075.52,1,0,0
08-01-2021,244.7,A,South,4.09,1856.04,0,0,0
09-01-2021,269.48,A,North,6.62,7922.22,0,0,0
10-01-2021,211.97,B,East,4.65,4160.7,0,0,0
11-01-2021,245.66,B,West,6.31,934.32,0,0,0
12-01-2021,232.77,C,West,4.5,4843.43,0,0,0
13-01-2021,273.79,C,West,1.89,908.38,0,0,0
14-01-2021,214.72,C,North,5.08,1289.37,0,0,0
15-01-2021,214.97,B,East,5.29,2396.1,0,0,0
16-01-2021,220.66,C,North,8.11,8595.28,0,0,0
17-01-2021,191.05,C,East,7.36,9246.13,0,0,0
18-01-2021,223.88,B,North,6.64,8262.58,0,0,0
19-01-2021,220.08,D,East,1.13,3340.77,0,0,0
20-01-2021,239.13,A,West,7.21,2724.46,0,0,0
21-01-2021,243.82,B,East,5,5491.56,0,0,0
22-01-2021,275.36,C,North,8.94,7218.53,0,0,0
23-01-2021,257.69,A,East,9.2,9933.73,0,0,0
24-01-2021,227.99,B,South,0.55,1315.71,0,0,0
25-01-2021,222.39,A,East,8.21,492.92,0,0,0
26-01-2021,251.03,A,West,0.38,6943.56,0,0,0
27-01-2021,215.61,D,East,3.67,8322.26,0,0,0
28-01-2021,279.46,C,South,5.42,8463.49,0,0,0
29-01-2021,267.23,B,South,1.48,6784.64,0,0,0
30-01-2021,235.06,C,South,7.46,9540.16,0,0,0
31-01-2021,210.97,D,North,0.08,5110.05,0,0,0
01-02-2021,273.1,D,South,10.18,40435.66,1,0,0
02-02-2021,244.51,B,North,22.97,49441.12,1,0,0
03-02-2021,272.33,B,South,7.14,8471.57,0,0,0
04-02-2021,216.45,D,North,9.17,3097.59,0,0,0
05-02-2021,237.1,B,South,7.05,1962.16,0,0,0
06-02-2021,249.94,A,South,21.42,17025.06,1,0,0
07-02-2021,251.51,A,East,3.94,4530.15,0,0,0
08-02-2021,242.3,D,South,0.01,8777.58,0,0,0
09-02-2021,264.48,C,East,1.2,1000.32,0,0,0
10-02-2021,231.38,B,South,5.35,2577.4,0,0,0
11-02-2021,250.58,B,South,6.75,7517.99,0,0,0
12-02-2021,256.53,A,East,4.17,949.87,0,0,0
13-02-2021,265.09,B,East,7.31,3207.64,0,0,0
14-02-2021,269.71,C,North,5.22,3871.55,0,0,0
15-02-2021,233.64,B,West,0.74,6225.94,0,0,0
16-02-2021,226.1,B,East,1.92,1581.33,0,0,0
17-02-2021,282.97,A,North,8.4,8606.04,0,0,0
18-02-2021,264.69,B,South,7.25,4475.42,0,0,0
19-02-2021,243.7,D,East,8.95,9170.22,0,0,0
20-02-2021,290.29,D,East,1.18,4678.7,0,0,0
21-02-2021,262.18,C,South,9.9,2750.4,0,0,0
22-02-2021,284.03,C,South,2.09,1418.29,0,0,0
23-02-2021,262.37,C,South,0.12,37.45,0,0,0
24-02-2021,302.79,C,South,9.97,5321.57,0,0,0
25-02-2021,297.23,A,West,2.81,1071.57,0,0,0
26-02-2021,257.68,B,East,6.68,3917.28,0,0,0
27-02-2021,282.61,A,South,1.77,5892.72,0,0,0
28-02-2021,276.6,C,South,5.8,2756.86,0,0,0
01-03-2021,291.56,B,West,9.04,1752.24,0,0,0
02-03-2021,245.37,D,East,3.2,7747.22,0,0,0
03-03-2021,278.87,A,North,6.7,9467.91,0,0,0
04-03-2021,286.77,B,East,1.88,1004.4,0,0,0
05-03-2021,230.87,D,North,6.25,1555.9,0,0,0
06-03-2021,242.82,D,West,3.36,9600.13,0,0,0
07-03-2021,226.12,C,South,2.11,377.84,0,0,0
08-03-2021,261.92,D,West,3.13,9776.32,0,0,0
09-03-2021,282.05,D,East,1.79,46.44,0,0,0
10-03-2021,298.12,C,South,9.02,8736.69,0,0,0
11-03-2021,269.92,B,East,3.97,3073.25,0,0,0
12-03-2021,301.37,B,North,2.45,9385.89,0,0,0
13-03-2021,241.53,C,East,4.48,3169.45,0,0,0
14-03-2021,235.39,A,West,3.21,6543.06,0,0,0
15-03-2021,268.65,C,West,7.44,800.33,0,0,0
16-03-2021,277.74,B,West,9.71,2423.3,0,0,0
17-03-2021,269.68,A,South,4.38,7736.79,0,0,0
18-03-2021,229.25,C,East,8.61,5286.86,0,0,0
19-03-2021,269.07,B,South,24.32,41092.09,1,0,0
20-03-2021,245,B,East,1.57,4287.51,0,0,0
21-03-2021,284.71,B,North,6.91,8698.12,0,0,0
22-03-2021,278.86,D,East,5.13,4489.55,0,0,0
23-03-2021,252.92,D,East,6.51,9792.48,0,0,0
24-03-2021,261.62,A,East,8.9,9598.34,0,0,0
25-03-2021,250.88,A,East,4.4,3291.37,0,0,0
26-03-2021,270.96,A,North,9.01,8859.24,0,0,0
27-03-2021,291.45,D,South,7.51,8476.11,0,0,0
28-03-2021,252.75,A,West,4.89,2106.8,0,0,0
29-03-2021,282.65,B,East,6.03,6242.9,0,0,0
30-03-2021,262.06,B,West,3.26,726.82,0,0,0
31-03-2021,256.88,A,West,9.84,8367.11,0,0,0
01-04-2021,270.66,A,West,6.67,1745.46,0,0,0
02-04-2021,252.14,D,West,0.44,708.15,0,0,0
03-04-2021,261.8,B,East,3.27,4002.19,0,0,0
04-04-2021,248.94,C,West,6.23,5769.22,0,0,0
05-04-2021,312.19,C,East,0.56,8549.17,0,0,0
06-04-2021,273.59,D,North,0.24,9742.43,0,0,0
07-04-2021,258.86,D,South,4.5,4394.93,0,0,0
08-04-2021,277.09,D,South,3.33,604.47,0,0,0
09-04-2021,270.51,B,East,4.38,7491.16,0,0,0
10-04-2021,268.26,A,East,2.63,5651.73,0,0,0
11-04-2021,284.88,A,South,1.65,4478.91,0,0,0
12-04-2021,,D,West,6.89,3092.69,0,0,1
13-04-2021,261.77,B,East,5.15,5023.99,0,0,0
14-04-2021,260.73,C,West,2,3386.8,0,0,0
15-04-2021,266.6,D,East,3.2,7570.12,0,0,0
16-04-2021,225.91,B,East,5.92,5438.94,0,0,0
17-04-2021,241.47,D,North,0.72,8768.48,0,0,0
18-04-2021,298.92,B,North,1.47,5435.44,0,0,0
19-04-2021,304.28,B,South,0.73,2382.62,0,0,0
20-04-2021,266.19,D,North,8.12,8510.92,0,0,0
21-04-2021,282.47,A,North,7.52,5572.19,0,0,0
22-04-2021,276.92,D,South,7.53,2068.41,0,0,0
23-04-2021,332.01,A,West,7.16,6235.08,0,0,0
24-04-2021,292.56,A,North,6.69,3577.17,0,0,0
25-04-2021,267.32,C,West,4.77,8444.06,0,0,0
26-04-2021,250.47,B,South,6.42,4533,0,0,0
27-04-2021,237.14,D,East,0.38,7264.41,0,0,0
28-04-2021,273.01,B,West,6.21,955.36,0,0,0
29-04-2021,253.48,C,South,7.78,3960.24,0,0,0
30-04-2021,239.81,A,West,5,9832.41,0,0,0
01-05-2021,254.95,D,South,3.58,8084.6,0,0,0
02-05-2021,245.88,B,South,2.77,1599.41,0,0,0
03-05-2021,300.86,C,East,6.43,2777.64,0,0,0
04-05-2021,284.35,A,West,6.93,3298.16,0,0,0
05-05-2021,266.14,A,East,8.71,6503.66,0,0,0
06-05-2021,295.47,B,East,3.42,7569.95,0,0,0
07-05-2021,266.97,A,West,7.7,7495.27,0,0,0
08-05-2021,247.75,C,West,5.61,5098.74,0,0,0
09-05-2021,294.97,A,South,26.23,37718.87,1,0,0
10-05-2021,,D,West,5.28,4370.78,0,0,1
11-05-2021,242.8,D,South,5.18,1238.81,0,0,0
12-05-2021,259.24,B,South,5.78,5644.42,0,0,0
13-05-2021,245.02,C,South,7.49,9523.01,0,0,0
14-05-2021,234.36,A,South,9.65,7929.94,0,0,0
15-05-2021,280,A,South,14.5,21442.4,1,0,0
16-05-2021,299.12,A,South,0.53,6468.06,0,0,0
17-05-2021,232.41,D,West,9.38,9305.62,0,0,0
18-05-2021,271.07,C,West,5.3,4283.43,0,0,0
19-05-2021,246.23,A,North,6.15,3313.94,0,0,0
20-05-2021,248.91,B,West,4.82,9772.42,0,0,0
21-05-2021,246.21,C,East,0.94,8634.43,0,0,0
22-05-2021,240.17,C,North,15.49,24889.81,1,0,0
23-05-2021,257.81,A,West,7.47,4637.81,0,0,0
24-05-2021,239.6,D,East,3.12,4150.78,0,0,0
25-05-2021,260.99,C,West,3.06,1490.96,0,0,0
26-05-2021,253.93,B,South,8.38,9578.19,0,0,0
27-05-2021,249.51,C,North,0.72,4043.12,0,0,0
28-05-2021,235.48,D,South,8.81,8753.29,0,0,0
29-05-2021,241.43,B,North,2.57,1893.56,0,0,0
30-05-2021,267.39,D,North,5.93,5478.71,0,0,0
31-05-2021,261.62,A,South,9.36,239.61,0,0,0
01-06-2021,231.36,C,North,6.78,7642.2,0,0,0
02-06-2021,252.2,B,North,4.14,5809.14,0,0,0
03-06-2021,264.54,D,West,6.9,6255.9,0,0,0
04-06-2021,215.41,A,East,3.44,517.21,0,0,0
05-06-2021,258.94,B,South,2.77,2110.38,0,0,0
06-06-2021,234.1,C,West,9.97,743.31,0,0,0
07-06-2021,258.03,C,West,7.51,2889.14,0,0,0
08-06-2021,230.61,D,South,6.45,6274.39,0,0,0
09-06-2021,209.04,B,North,3.55,5661.86,0,0,0
10-06-2021,211.83,A,South,0.49,6121.5,0,0,0
11-06-2021,244.59,A,East,0.31,5492.51,0,0,0
12-06-2021,248.06,A,East,5.54,2730.29,0,0,0
13-06-2021,224.02,D,South,7.62,2445.07,0,0,0
14-06-2021,254.11,A,West,5.37,1370.6,0,0,0
15-06-2021,207.33,B,South,8.41,8490.71,0,0,0
16-06-2021,238.46,D,East,0.33,6164.79,0,0,0
17-06-2021,214.78,C,South,3.67,1865.11,0,0,0
18-06-2021,225.18,D,North,2.37,1772.09,0,0,0
19-06-2021,238.37,D,South,4.47,8730.36,0,0,0
20-06-2021,219.43,D,West,0.72,7427.31,0,0,0
21-06-2021,228.15,B,North,9.54,6593.99,0,0,0
22-06-2021,255.17,C,East,2.23,4068.64,0,0,0
23-06-2021,222.7,C,South,9.22,2619.76,0,0,0
24-06-2021,250.15,D,West,4.26,9794.51,0,0,0
25-06-2021,210.04,D,West,9.86,7972.4,0,0,0
26-06-2021,242.42,D,East,18.7,13878.08,1,0,0
27-06-2021,259.85,B,South,9.31,8475.65,0,0,0
28-06-2021,180.78,B,West,0.05,7589.32,0,0,0
29-06-2021,213.46,A,North,7.48,2970.81,0,0,0
30-06-2021,240.13,C,South,9.03,4265.53,0,0,0
01-07-2021,223.72,A,East,1.4,1859.53,0,0,0
02-07-2021,234.39,A,North,0.96,1110.52,0,0,0
03-07-2021,214.08,D,South,4.25,7227.62,0,0,0
04-07-2021,227.08,B,West,9.34,2675.12,0,0,0
05-07-2021,221.43,A,East,5.42,8200.59,0,0,0
06-07-2021,247.09,A,East,5.27,9956.09,0,0,0
07-07-2021,228.01,A,South,1.41,766.2,0,0,0
08-07-2021,228.87,D,East,0.01,4730.35,0,0,0
09-07-2021,213.08,D,North,8.1,8020.63,0,0,0
10-07-2021,210.76,B,South,0.88,7889.51,0,0,0
11-07-2021,211.06,A,North,6.34,7599.97,0,0,0
12-07-2021,226.8,A,East,22.52,43409.17,1,0,0
13-07-2021,209.7,B,East,2.09,4538.53,0,0,0
14-07-2021,223.12,B,East,6.65,5949.68,0,0,0
15-07-2021,258.04,B,North,0.79,9739.41,0,0,0
16-07-2021,233.17,C,East,6.04,3275.47,0,0,0
17-07-2021,208.45,B,South,1.64,9231.44,0,0,0
18-07-2021,238.21,D,West,7.36,2693.57,0,0,0
19-07-2021,205.25,C,South,3.01,9890.74,0,0,0
20-07-2021,171.88,B,West,4.63,6702.64,0,0,0
21-07-2021,191.72,D,East,5.99,4635.11,0,0,0
22-07-2021,173.7,B,South,1.71,6133.9,0,0,0
23-07-2021,203.33,B,North,7.42,2725.31,0,0,0
24-07-2021,,C,West,12.25,47543.42,1,0,1
25-07-2021,242.4,D,North,6.62,1135.55,0,0,0
26-07-2021,214.67,A,West,1.58,1140.5,0,0,0
27-07-2021,203.02,B,East,6.88,3476.72,0,0,0
28-07-2021,223.26,C,South,1.28,7628.55,0,0,0
29-07-2021,161.73,D,West,4.25,6079.71,0,0,0
30-07-2021,209.95,B,South,2.47,1025.85,0,0,0
31-07-2021,219.95,A,West,7.48,8522.37,0,0,0
01-08-2021,174.27,D,West,2.62,6013.68,0,0,0
02-08-2021,226.02,D,East,8.82,9608.56,0,0,0
03-08-2021,209.23,C,West,8.92,6701.85,0,0,0
04-08-2021,193.48,B,North,1.96,1751.75,0,0,0
05-08-2021,213.78,B,West,6.14,4737.83,0,0,0
06-08-2021,,D,West,0.88,6484.98,0,0,1
07-08-2021,203.45,B,West,3.92,282.65,0,0,0
08-08-2021,204.13,D,East,7.13,149.1,0,0,0
09-08-2021,189.35,A,South,6.59,1294.03,0,0,0
10-08-2021,180.91,C,South,6.25,2516.64,0,0,0
11-08-2021,213.9,B,East,2.83,4295.49,0,0,0
12-08-2021,179.57,B,North,3.78,4874.4,0,0,0
13-08-2021,,C,North,1.03,1380.28,0,0,1
14-08-2021,185.96,A,East,7.19,6733.92,0,0,0
15-08-2021,204.52,A,South,5.04,5961.38,0,0,0
16-08-2021,201.04,A,North,7.09,2944.64,0,0,0
17-08-2021,214.57,A,East,2.49,136.6,0,0,0
18-08-2021,183.07,A,South,3.24,776.48,0,0,0
19-08-2021,187.34,D,North,3.34,3916.95,0,0,0
20-08-2021,172.64,B,North,0.26,1539.74,0,0,0
21-08-2021,182.82,B,East,3.41,3768.2,0,0,0
22-08-2021,198.75,B,South,8.03,6281.83,0,0,0
23-08-2021,205.86,D,North,18.54,12665.12,1,0,0
24-08-2021,171.8,C,East,19.38,49043.19,1,0,0
25-08-2021,,A,North,4.56,3438.22,0,0,1
26-08-2021,216.44,C,South,0.31,6140.31,0,0,0
27-08-2021,197.15,A,West,8.79,8608.55,0,0,0
28-08-2021,225.99,A,North,0.13,7532.13,0,0,0
29-08-2021,172.56,C,South,9.45,5534,0,0,0
30-08-2021,162.74,B,North,4.89,3622.93,0,0,0
31-08-2021,151.67,D,West,17.2,48024.47,1,0,0
01-09-2021,216.79,C,West,9.24,8794.17,0,0,0
02-09-2021,199.59,B,North,0.24,392.44,0,0,0
03-09-2021,185.04,A,East,5.81,9879.83,0,0,0
04-09-2021,,B,North,5.49,6643.75,0,0,1
05-09-2021,162.97,A,South,24.31,46392.95,1,0,0
06-09-2021,234.08,A,East,4.29,379.98,0,0,0
07-09-2021,187.46,B,South,6.52,6055.29,0,0,0
08-09-2021,186.77,A,South,7.27,4847.78,0,0,0
09-09-2021,198.83,D,East,0.01,1057.79,0,0,0
10-09-2021,193.68,B,West,9.37,2779.22,0,0,0
11-09-2021,188.29,C,South,1.65,8903.14,0,0,0
12-09-2021,167.77,A,North,2.34,5499.88,0,0,0
13-09-2021,192.8,A,West,2.63,4134.17,0,0,0
14-09-2021,220.8,D,West,0.38,726.82,0,0,0
15-09-2021,209.88,D,East,1.23,7141.22,0,0,0
16-09-2021,214.67,C,North,9.86,7028.51,0,0,0
17-09-2021,172.42,A,North,3.15,6140.44,0,0,0
18-09-2021,162.71,C,West,1.15,5102.63,0,0,0
19-09-2021,179.85,C,South,1.07,4337.84,0,0,0
20-09-2021,183.37,A,South,7.19,5932.71,0,0,0
21-09-2021,204.04,C,North,8.55,2333.95,0,0,0
22-09-2021,148.22,C,West,2.57,9412.59,0,0,0
23-09-2021,212.59,D,West,0.21,5887.95,0,0,0
24-09-2021,178.78,D,West,2.23,3111.92,0,0,0
25-09-2021,173.36,C,East,0.57,4496.8,0,0,0
26-09-2021,161.62,A,North,1.03,8056.85,0,0,0
27-09-2021,148.76,D,North,4.32,1616.16,0,0,0
28-09-2021,198.32,C,South,2.3,2928.36,0,0,0
29-09-2021,183.34,B,South,25.2,35754.72,1,0,0
30-09-2021,156.1,B,North,2.53,3154.89,0,0,0
01-10-2021,156.05,C,North,9.41,7925.02,0,0,0
02-10-2021,175.3,B,South,9.06,1304.53,0,0,0
03-10-2021,215.47,D,North,5.67,7626.86,0,0,0
04-10-2021,176.99,A,South,3.54,683.52,0,0,0
05-10-2021,152.22,C,North,3.81,125.93,0,0,0
06-10-2021,177.49,D,East,25.13,30128.38,1,0,0
07-10-2021,177.08,A,East,21.65,10563.19,1,0,0
08-10-2021,128.75,B,West,4.52,3518.27,0,0,0
09-10-2021,181.77,B,North,8.57,2325.95,0,0,0
10-10-2021,178.41,B,South,9.44,6168.86,0,0,0
11-10-2021,197.15,B,North,11.14,20408.45,1,0,0
12-10-2021,220.41,D,North,21.76,17081.73,1,0,0
13-10-2021,206.19,D,West,0.95,9832.16,0,0,0
14-10-2021,178.52,A,South,2,6350.25,0,0,0
15-10-2021,162.02,C,North,4.13,4428.71,0,0,0
16-10-2021,235.88,A,South,2.06,4911.41,0,0,0
17-10-2021,185.88,C,North,8.77,6824.79,0,0,0
18-10-2021,185.27,B,West,1.58,1015.75,0,0,0
19-10-2021,184.81,B,South,4.56,3283.52,0,0,0
20-10-2021,189.58,B,North,6.06,752.72,0,0,0
21-10-2021,183.07,B,East,6.92,733.61,0,0,0
22-10-2021,174.83,D,South,10.53,10213.57,1,0,0
23-10-2021,175.74,A,West,8.69,4852.53,0,0,0
24-10-2021,186.4,C,East,5.68,7847.74,0,0,0
25-10-2021,176.58,C,South,4.4,4854.96,0,0,0
26-10-2021,173.59,D,South,0.67,3354.77,0,0,0
27-10-2021,190.4,B,South,4.65,823.53,0,0,0
28-10-2021,183.6,A,South,8.21,5502.96,0,0,0
29-10-2021,219.23,B,North,6.15,2712.69,0,0,0
30-10-2021,136.59,D,North,8.32,6149.34,0,0,0
31-10-2021,211.91,C,South,4.94,9771.88,0,0,0
01-11-2021,215.48,D,West,1.18,1113.14,0,0,0
02-11-2021,149.59,C,North,0.14,2121.25,0,0,0
03-11-2021,184.72,A,South,3.03,4730.95,0,0,0
04-11-2021,184.66,C,South,6.98,9686.14,0,1,0
05-11-2021,164.48,A,West,7.9,7718.1,0,0,0
06-11-2021,177.62,B,West,2.96,8982.29,0,0,0
07-11-2021,,B,West,4.96,3337.15,0,0,1
08-11-2021,229.35,D,East,4.21,9920.38,0,0,0
09-11-2021,213.6,A,South,4.11,1028.33,0,0,0
10-11-2021,220.91,B,West,2.31,529.73,0,0,0
11-11-2021,210.52,A,South,1.36,8556.03,0,0,0
12-11-2021,174.12,B,North,1.97,9272.65,0,0,0
13-11-2021,186.84,B,South,11.12,46150.69,1,0,0
14-11-2021,207.76,C,South,1.98,1134.27,0,0,0
15-11-2021,174.17,D,East,0.09,331.74,0,0,0
16-11-2021,213.54,C,North,6.27,1045.08,0,0,0
17-11-2021,195.14,A,North,3.16,2094.2,0,0,0
18-11-2021,193.13,B,East,9.73,9700.77,0,0,0
19-11-2021,215.54,D,West,1.94,6678.6,0,0,0
20-11-2021,210.9,B,West,10.67,22668.68,1,0,0
21-11-2021,195.51,B,South,3.58,7761.39,0,0,0
22-11-2021,226.63,C,East,0.08,5350.74,0,0,0
23-11-2021,182.55,A,West,8.39,7974.89,0,0,0
24-11-2021,217.23,D,North,0.32,5958.08,0,0,0
25-11-2021,217.52,D,East,9.4,3145.46,0,0,0
26-11-2021,200.22,D,West,8.92,5611.1,0,0,0
27-11-2021,213.7,A,North,5.36,5335.09,0,0,0
28-11-2021,182.93,D,East,5.44,8234.53,0,0,0
29-11-2021,227.21,A,South,6.54,9817.27,0,0,0
30-11-2021,205.82,D,South,3.87,4110.43,0,0,0
01-12-2021,199.86,B,North,6.47,7633.91,0,0,0
02-12-2021,232.09,A,West,0.45,997.63,0,0,0
03-12-2021,197.84,C,West,0.54,7768.31,0,0,0
04-12-2021,184.57,D,East,4.57,3714.17,0,0,0
05-12-2021,182.43,C,North,5.5,393.9,0,0,0
06-12-2021,226.51,A,West,8.88,3632.46,0,0,0
07-12-2021,189.62,B,South,1.05,6106.43,0,0,0
08-12-2021,251.16,C,North,8.23,1192.5,0,0,0
09-12-2021,175.28,C,South,25.1,12273.62,1,0,0
10-12-2021,251.7,B,North,3.94,776.72,0,0,0
11-12-2021,,B,East,3.17,9300.07,0,0,1
12-12-2021,217.55,A,West,4,7071.38,0,0,0
13-12-2021,209.46,D,West,29.68,36231.85,1,0,0
14-12-2021,229.21,C,West,5.04,3907.5,0,0,0
15-12-2021,221.35,C,South,8.02,7408.09,0,0,0
16-12-2021,245.05,A,West,4.42,6014.71,0,0,0
17-12-2021,226.15,D,North,4.91,6716.43,0,0,0
18-12-2021,,A,South,8.49,3891.65,0,0,1
19-12-2021,218.37,C,East,28.31,40291.82,1,0,0
20-12-2021,225.4,C,South,4.9,9898.67,0,0,0
21-12-2021,233.59,B,East,2.58,2139.23,0,0,0
22-12-2021,194.13,B,South,12.07,16456.68,1,0,0
23-12-2021,202.27,D,West,5.77,2918.23,0,0,0
24-12-2021,245,C,East,2.21,7651.12,0,0,0
25-12-2021,234.46,C,West,2.69,7640.13,0,0,0
26-12-2021,228.27,B,South,8.03,2924.45,0,0,0
27-12-2021,233.23,A,East,0.44,813.9,0,0,0
28-12-2021,240.72,A,North,9.92,114.33,0,0,0
29-12-2021,223.88,C,North,1.3,4274.51,0,0,0
30-12-2021,220.02,C,South,7.96,4103.38,0,0,0
31-12-2021,240.42,D,East,3.95,9883.9,0,0,0
01-01-2022,217.84,D,North,4.92,4698.02,0,1,0
02-01-2022,246.49,B,West,11.86,49256.63,1,0,0
03-01-2022,205.18,C,West,4.13,8912.29,0,0,0
04-01-2022,260.72,A,South,12.09,38121.27,1,0,0
05-01-2022,250.5,D,West,0.49,5991.76,0,0,0
06-01-2022,247.08,B,West,0.02,956.69,0,0,0
07-01-2022,262.51,B,West,2.45,3829.16,0,0,0
08-01-2022,277.07,A,North,6.81,9442.24,0,0,0
09-01-2022,264.95,D,East,1.21,5895.05,0,0,0
10-01-2022,208.75,A,South,1.14,3445.02,0,0,0
11-01-2022,220.87,B,East,4.11,6256.67,0,0,0
12-01-2022,234.86,C,East,6.48,9104.11,0,0,0
13-01-2022,248.77,A,East,7.12,2739.91,0,0,0
14-01-2022,259.49,B,North,1.78,5051.17,0,0,0
15-01-2022,235.5,C,West,0.8,9586.91,0,0,0
16-01-2022,254.63,C,South,9.4,1723.96,0,0,0
17-01-2022,236.67,D,East,2.61,7196.64,0,0,0
18-01-2022,240.42,D,West,8.53,6144.81,0,0,0
19-01-2022,225.38,B,North,8.63,6796.75,0,0,0
20-01-2022,235.91,A,East,7.73,3512.2,0,0,0
21-01-2022,228.2,C,West,1.69,3138.79,0,0,0
22-01-2022,236.57,D,North,8.22,6842.1,0,0,0
23-01-2022,278.01,D,West,7.69,2155.43,0,0,0
24-01-2022,238.79,A,South,5.97,4196.55,0,0,0
25-01-2022,311.26,D,West,3.37,1881.75,0,0,0
26-01-2022,269.31,B,West,2.63,83.05,0,0,0
27-01-2022,263.96,A,South,1.22,9700.57,0,0,0
28-01-2022,243.91,C,South,5.1,4317.03,0,0,0
29-01-2022,275.89,B,West,5.85,9693.5,0,0,0
30-01-2022,251.18,C,South,3.59,1403.24,0,0,0
31-01-2022,265.92,C,West,4.75,5873.67,0,0,0
01-02-2022,315.47,D,East,3.64,2009.74,0,0,0
02-02-2022,263.13,B,West,6.41,7900.74,0,0,0
03-02-2022,288.81,B,North,9.01,7837.03,0,0,0
04-02-2022,252.52,A,South,1.64,1126.07,0,0,0
05-02-2022,266.64,B,East,3.81,9120.64,0,0,0
06-02-2022,303.5,A,South,1.41,1946.3,0,0,0
07-02-2022,256.28,B,South,6.25,6129.77,0,0,0
08-02-2022,305.8,C,South,7.29,9856.34,0,0,0
09-02-2022,284.43,A,North,9.32,8823.97,0,0,0
10-02-2022,259.73,B,North,2.79,9565.64,0,0,0
11-02-2022,284.33,A,West,9.5,3425.99,0,0,0
12-02-2022,291.82,D,North,0.63,1055.76,0,0,0
13-02-2022,285.49,D,South,6.03,1883.47,0,0,0
14-02-2022,242.32,A,East,0.57,5004.95,0,0,0
15-02-2022,259.84,A,East,8.94,7932.3,0,0,0
16-02-2022,,C,East,5.3,1501.54,0,0,1
17-02-2022,274.18,B,South,6.69,6597.32,0,0,0
18-02-2022,288.71,D,North,24.75,25655.12,1,0,0
19-02-2022,280.47,D,East,1.5,3412.02,0,0,0
20-02-2022,250.81,B,South,0.39,6619.18,0,0,0
21-02-2022,285.72,D,South,8.79,4669.99,0,0,0
22-02-2022,290.91,D,East,3.15,8120.33,0,0,0
23-02-2022,290.46,A,East,1.29,1559.19,0,0,0
24-02-2022,301.44,D,West,4.68,7899.48,0,0,0
25-02-2022,297.05,D,West,5.98,642.35,0,0,0
26-02-2022,290.09,D,South,0.31,1940.54,0,0,0
27-02-2022,280.03,B,West,2.75,6561.5,0,0,0
28-02-2022,248.72,C,West,0.33,8549.26,0,0,0
01-03-2022,291.03,A,East,4.2,2526.8,0,0,0
02-03-2022,287.08,C,West,8.95,3271.92,0,0,0
03-03-2022,288.83,D,South,9.83,5371.21,0,0,0
04-03-2022,258.32,D,East,6.37,2115.73,0,0,0
05-03-2022,262.68,D,West,1.62,8111.56,0,0,0
06-03-2022,305.79,C,West,9.06,7736.37,0,0,0
07-03-2022,284.36,B,West,21.92,26737.87,1,0,0
08-03-2022,299.19,B,North,1.54,4638.3,0,0,0
09-03-2022,286.51,A,West,9.22,7748.28,0,0,0
10-03-2022,286.92,C,West,7.57,3373.3,0,0,0
11-03-2022,305.46,B,South,7.32,6331.07,0,0,0
12-03-2022,276.72,A,West,7.09,502.13,0,0,0
13-03-2022,289.3,D,North,2,6086.89,0,0,0
14-03-2022,278.46,D,East,2.11,1526.53,0,0,0
15-03-2022,279.32,A,West,6.88,8305.83,0,0,0
16-03-2022,282.12,B,West,2.2,3554.49,0,0,0
17-03-2022,293.03,C,South,4.39,2815.54,0,0,0
18-03-2022,279.28,A,West,7.82,8408.89,0,0,0
19-03-2022,314.22,B,West,7.84,501.44,0,0,0
20-03-2022,271.45,A,West,4.53,3966.09,0,0,0
21-03-2022,285.83,B,West,7.92,3700.04,0,0,0
22-03-2022,280.98,D,East,8.39,2848,0,0,0
23-03-2022,,A,South,6.55,9117.54,0,0,1
24-03-2022,294.08,C,East,2.28,7509.28,0,0,0
25-03-2022,310.95,A,North,15.99,35601.95,1,0,0
26-03-2022,260.75,D,West,12,29791.77,1,0,0
27-03-2022,295.94,D,North,1.17,5272.99,0,0,0
28-03-2022,308.51,B,East,2.73,9008.68,0,0,0
29-03-2022,292.47,D,North,2.1,3129.46,0,0,0
30-03-2022,312.22,B,West,4.55,5741.62,0,0,0
31-03-2022,280.64,D,North,9.08,5007.55,0,0,0
01-04-2022,319.24,B,East,1.04,4895.61,0,0,0
02-04-2022,,C,West,7.2,4561.05,0,0,1
03-04-2022,283.87,B,South,6.87,2056.29,0,0,0
04-04-2022,282.23,B,East,0.96,7557.1,0,0,0
05-04-2022,320.21,C,West,9.23,4513.36,0,0,0
06-04-2022,322.72,B,South,5.68,9585.16,0,0,0
07-04-2022,280.65,B,North,3.64,2608.08,0,0,0
08-04-2022,282.66,C,North,7.57,6827.44,0,0,0
09-04-2022,285.37,D,North,2.57,9407.17,0,0,0
10-04-2022,264.04,A,West,6.94,6634.58,0,0,0
11-04-2022,272.47,B,North,0.4,8712.73,0,0,0
12-04-2022,,D,North,8.39,8274.81,0,0,1
13-04-2022,275.27,A,South,4.48,3601.18,0,0,0
14-04-2022,289.81,C,South,6.37,6001.24,0,0,0
15-04-2022,295.04,B,South,2.21,1562.61,0,0,0
16-04-2022,321.21,B,West,6.77,5355.26,0,0,0
17-04-2022,,C,East,7.72,2304.22,0,0,1
18-04-2022,309.52,B,North,4.73,7437.37,0,0,0
19-04-2022,285.35,A,North,6.18,5280.58,0,0,0
20-04-2022,288.43,A,West,4.56,4112.27,0,0,0
21-04-2022,302.68,C,North,8.94,2687.97,0,0,0
22-04-2022,266.49,B,West,17.23,14746.23,1,0,0
23-04-2022,,D,West,8.42,717.11,0,0,1
24-04-2022,291.74,B,West,8.01,435.61,0,0,0
25-04-2022,,C,East,4.11,2172.57,0,0,1
26-04-2022,293.61,D,West,2.3,9710.72,0,0,0
27-04-2022,336.62,A,East,18.64,22602.26,1,0,0
28-04-2022,274.44,A,East,8.26,6549.28,0,0,0
29-04-2022,276.23,D,North,2.28,8801.07,0,0,0
30-04-2022,274.04,D,South,5.24,2139.62,0,0,0
01-05-2022,275.03,C,East,8.06,9720.42,0,0,0
02-05-2022,273.01,B,East,3.53,1427.85,0,0,0
03-05-2022,309.15,A,South,6.42,1011.25,0,0,0
04-05-2022,313.37,B,East,2.46,1122.12,0,0,0
05-05-2022,273.13,A,South,12.89,31824.34,1,0,0
06-05-2022,267.47,B,North,7.94,7809.74,0,0,0
07-05-2022,293.11,A,West,0.99,3666.67,0,0,0
08-05-2022,272.18,B,South,2.71,9778.96,0,0,0
09-05-2022,295.42,C,West,8.55,4344.2,0,0,0
10-05-2022,286.34,A,South,3.46,1504.49,0,0,0
11-05-2022,251.48,C,West,9.73,4659.67,0,0,0
12-05-2022,312.24,A,North,9.8,6790.37,0,0,0
13-05-2022,316.7,A,East,2.68,8322.26,0,0,0
14-05-2022,268.01,A,North,0.41,4587.68,0,0,0
15-05-2022,271.97,B,East,29.19,33224.79,1,0,0
16-05-2022,284.9,A,West,4.51,2673.45,0,0,0
17-05-2022,285.32,C,West,1.01,6459.17,0,0,0
18-05-2022,291.23,B,East,7.08,9859.72,0,0,0
19-05-2022,317.69,B,South,0.31,490.54,0,0,0
20-05-2022,273.36,A,North,8.7,8865.31,0,0,0
21-05-2022,260.34,D,South,1.39,5622.83,0,0,0
22-05-2022,248.12,B,West,1.27,2520.99,0,0,0
23-05-2022,260.47,A,North,1.76,9548.9,0,0,0
24-05-2022,273.8,C,North,9.6,4833.54,0,0,0
25-05-2022,309.72,D,South,6.93,3316.9,0,0,0
26-05-2022,262.84,B,East,8.01,1814.98,0,0,0
27-05-2022,277.01,D,East,3.98,2444.52,0,0,0
28-05-2022,271.55,B,North,3.36,8328.49,0,0,0
29-05-2022,294.98,D,East,2.34,6144.1,0,0,0
30-05-2022,321.08,D,West,4.81,9132.46,0,0,0
31-05-2022,259.24,C,South,5.52,2319.68,0,0,0
01-06-2022,259.37,D,South,6.32,1211.39,0,0,0
02-06-2022,289.35,C,South,2.57,60.88,0,0,0
03-06-2022,281.4,A,North,9.49,5078.62,0,0,0
04-06-2022,303.98,B,North,1.7,9983.07,0,0,0
05-06-2022,278,C,East,9.66,6949.65,0,0,0
06-06-2022,258.41,B,South,0.15,3083.95,0,0,0
07-06-2022,276.68,C,West,4.81,8768.59,0,0,0
08-06-2022,286.3,B,West,3.33,7817.22,0,0,0
09-06-2022,279.8,C,South,4.49,154.15,0,0,0
10-06-2022,272.78,B,North,5.71,8168.6,0,0,0
11-06-2022,283.21,A,North,18.96,36763.2,1,0,0
12-06-2022,284.51,B,North,4.15,1496.73,0,0,0
13-06-2022,288,A,West,7.33,2263.31,0,0,0
14-06-2022,272.56,A,South,6.86,4685.8,0,0,0
15-06-2022,255.47,A,West,8.33,4248.68,0,0,0
16-06-2022,260.97,D,South,2.5,2888.87,0,0,0
17-06-2022,281.38,B,West,6.1,1722.18,0,0,0
18-06-2022,240.13,D,West,5.85,7622.31,0,0,0
19-06-2022,263.05,D,East,3.7,9901.1,0,0,0
20-06-2022,247.02,B,West,4.86,7777.92,0,0,0
21-06-2022,254.66,A,South,26.02,49170.47,1,0,0
22-06-2022,278.86,D,West,1.42,2448.09,0,0,0
23-06-2022,256.31,D,East,24.37,46889.23,1,0,0
24-06-2022,,C,East,1.06,1366.95,0,0,1
25-06-2022,223.69,B,South,6.83,5513.31,0,0,0
26-06-2022,265,D,East,6.61,6054,0,0,0
27-06-2022,262.18,B,East,9.51,7055.03,0,0,0
28-06-2022,291.73,B,North,7.3,6802.13,0,0,0
29-06-2022,241.5,D,South,28.3,26380.74,1,0,0
30-06-2022,251.22,B,East,8.84,3303.11,0,0,0
01-07-2022,251.02,A,East,8.63,6815.15,0,0,0
02-07-2022,276.77,D,East,4.43,3494.48,0,0,0
03-07-2022,242.5,D,South,5.86,2126.23,0,0,0
04-07-2022,249.18,D,North,20.86,14324.93,1,0,0
05-07-2022,254.95,C,West,5.32,2720.84,0,0,0
06-07-2022,245.71,C,North,9.05,883.13,0,0,0
07-07-2022,232.24,C,South,0.83,8301.39,0,0,0
08-07-2022,244.25,C,South,1.91,8531.11,0,0,0
09-07-2022,261.04,D,South,18.94,30894.93,1,0,0
10-07-2022,218.23,A,West,5.85,647.72,0,0,0
11-07-2022,240.62,B,South,8.16,7388.27,0,0,0
12-07-2022,223.16,B,North,9.88,2115.29,0,0,0
13-07-2022,260.27,D,East,3.89,3934.35,0,0,0
14-07-2022,205.11,A,East,0.47,641.35,0,0,0
15-07-2022,223.61,B,South,8.01,2262.7,0,0,0
16-07-2022,241.54,A,South,6.04,7929.02,0,0,0
17-07-2022,264.53,D,West,20.35,11819.46,1,0,0
18-07-2022,231.12,C,East,4.95,2070.85,0,0,0
19-07-2022,220.56,A,West,7.42,3359.14,0,0,0
20-07-2022,268.52,B,West,23.33,42825.1,1,0,0
21-07-2022,201.17,B,West,5,741.73,0,0,0
22-07-2022,185.39,B,West,3.05,9921.72,0,0,0
23-07-2022,237.41,C,North,9.74,6555.94,0,0,0
24-07-2022,217.82,A,South,6.63,5420.97,0,0,0
25-07-2022,206.7,A,South,4.08,7654.99,0,0,0
26-07-2022,240.55,B,West,22.96,19427.48,1,0,0
27-07-2022,230.53,A,West,7.31,8067.15,0,0,0
28-07-2022,213.64,B,North,2.42,165.39,0,0,0
29-07-2022,198.6,A,West,1.72,1868.08,0,0,0
30-07-2022,240.94,C,North,5.3,6549.05,0,0,0
31-07-2022,235.79,C,North,2.9,3757.59,0,0,0
01-08-2022,220.1,D,West,6.29,9824.83,0,0,0
02-08-2022,258.33,D,South,1.18,6654.05,0,0,0
03-08-2022,199.31,D,North,6.55,9565.49,0,0,0
04-08-2022,,A,South,14.97,29115.08,1,0,1
05-08-2022,205.53,C,South,0,8639.57,0,0,0
06-08-2022,217.8,C,North,1.27,3213.52,0,0,0
07-08-2022,222.93,C,East,9.34,9895.65,0,0,0
08-08-2022,212.59,B,North,8.67,1576.89,0,0,0
09-08-2022,223.83,A,East,2.34,5163.4,0,0,0
10-08-2022,191.13,A,North,7.78,7928.45,0,0,0
11-08-2022,244.42,D,North,6.09,4326.42,0,0,0
12-08-2022,213.3,B,South,9.71,4680.84,0,0,0
13-08-2022,236.69,B,South,3.74,9863.56,0,0,0
14-08-2022,220.62,C,West,6.81,4253.08,0,0,0
15-08-2022,222.32,D,South,27.59,19309.21,1,0,0
16-08-2022,224.02,A,South,3.96,545.4,0,0,0
17-08-2022,221.02,B,South,9.64,8422.1,0,0,0
18-08-2022,224.38,C,South,5.39,6481.68,0,0,0
19-08-2022,237.57,A,West,2.88,4040.2,0,0,0
20-08-2022,214.4,C,South,1.2,161.7,0,0,0
21-08-2022,224.14,A,East,7.04,5916.69,0,0,0
22-08-2022,207.66,C,East,6.45,126.58,0,0,0
23-08-2022,237.77,A,West,3.74,12.04,0,0,0
24-08-2022,194.96,D,South,9.51,6160.99,0,0,0
25-08-2022,244.04,A,East,0.22,1890.17,0,0,0
26-08-2022,206.77,A,North,3.04,1918.88,0,0,0
27-08-2022,178.52,A,East,9.21,6532.72,0,0,0
28-08-2022,209.27,C,South,3.21,536.97,0,0,0
29-08-2022,192.67,B,East,2.52,3134.06,0,0,0
30-08-2022,222.7,A,North,5.34,1494.32,0,0,0
31-08-2022,192.44,A,East,8.24,5801.76,0,0,0
01-09-2022,196.19,D,South,1.03,6617.65,0,0,0
02-09-2022,166.96,A,North,9.43,7211.36,0,0,0
03-09-2022,195.35,D,West,7.95,2552.31,0,0,0
04-09-2022,155.58,A,North,25.44,47096.91,1,0,0
05-09-2022,172.05,C,East,7.12,786.84,0,0,0
06-09-2022,218.63,B,West,3.85,4261.52,0,0,0
07-09-2022,218.84,B,North,4.02,9458.44,0,0,0
08-09-2022,211.34,B,North,11.75,37569.19,1,0,0
09-09-2022,183.22,C,North,9.63,2567.42,0,0,0
10-09-2022,201.35,D,South,1.27,1008.89,0,0,0
11-09-2022,201.99,B,West,4.21,6055.7,0,0,0
12-09-2022,178.66,C,West,4.81,6798.73,0,0,0
13-09-2022,231.68,C,North,3.76,6429.31,0,0,0
14-09-2022,218.96,A,West,3.63,8611.3,0,0,0
15-09-2022,196.81,D,East,0.52,4864.26,0,0,0
16-09-2022,201.59,C,East,6.86,1344.57,0,0,0
17-09-2022,205.06,D,North,4.36,2894.05,0,0,0
18-09-2022,159.91,B,East,1.95,6624.3,0,0,0
19-09-2022,195.68,B,North,8.16,6131.22,0,0,0
20-09-2022,186.86,B,East,8.03,5310.03,0,0,0
21-09-2022,180.37,A,North,4.86,6829.64,0,0,0
22-09-2022,,A,North,10.34,25209.65,1,0,1
23-09-2022,236.2,D,West,6.38,8813.25,0,0,0
24-09-2022,213,D,West,2.88,5860.16,0,0,0
25-09-2022,188.72,A,North,2.36,7786.01,0,0,0
26-09-2022,211.57,C,West,7.31,2487.07,0,0,0
27-09-2022,228.09,D,West,0.4,6781.83,0,0,0
28-09-2022,218.6,D,South,0.95,9021.94,0,0,0
29-09-2022,201.32,B,East,0.07,3857.32,0,0,0
30-09-2022,187.22,D,West,1.53,7791.04,0,0,0
01-10-2022,214.16,D,North,0.69,7247.89,0,0,0
02-10-2022,208.13,C,South,9.96,595.26,0,0,0
03-10-2022,218.24,D,South,2.89,5815.08,0,0,0
04-10-2022,213.13,C,West,19.98,30522.78,1,0,0
05-10-2022,221.52,B,North,2.41,9673.19,0,0,0
06-10-2022,189.95,A,North,23.69,41074.41,1,0,0
07-10-2022,227.14,B,North,5.2,1097.24,0,0,0
08-10-2022,204.89,C,North,25.3,38320.95,1,0,0
09-10-2022,242.61,C,North,8.73,5944.74,0,0,0
10-10-2022,,D,East,3.95,3448.89,0,0,1
11-10-2022,236.2,D,North,3.35,349.06,0,0,0
12-10-2022,205.64,A,North,2.07,5416.42,0,0,0
13-10-2022,188.88,C,East,3.78,3878.45,0,0,0
14-10-2022,192.47,C,West,3.17,1010.76,0,0,0
15-10-2022,195.99,B,South,6.77,8019.2,0,0,0
16-10-2022,211.15,A,East,2.9,9150.77,0,0,0
17-10-2022,213.4,B,South,5.77,7565.94,0,0,0
18-10-2022,191.76,D,South,0.66,8224.22,0,0,0
19-10-2022,203.06,D,East,1.91,2164.91,0,0,0
20-10-2022,246.72,B,North,4.07,2635.73,0,0,0
21-10-2022,238.76,D,South,9.37,2085.28,0,0,0
22-10-2022,213.28,B,North,3.77,7650.63,0,0,0
23-10-2022,205.68,C,West,6.64,9479.17,0,0,0
24-10-2022,207.7,C,East,2.55,7168.37,0,1,0
25-10-2022,217.96,D,South,1.27,8814.67,0,0,0
26-10-2022,185.64,A,North,0.59,6386.99,0,0,0
27-10-2022,201.37,C,South,3.05,3876.6,0,0,0
28-10-2022,173.58,D,West,1.58,4257.62,0,0,0
29-10-2022,215.38,A,West,1.74,753.21,0,0,0
30-10-2022,220.8,D,South,7.61,314.57,0,0,0
31-10-2022,198.66,B,East,0.16,6954.76,0,0,0
01-11-2022,240.29,D,West,5.58,4384.29,0,0,0
02-11-2022,184.79,B,North,3.79,5522.15,0,0,0
03-11-2022,180.53,C,West,5.07,5576.61,0,0,0
04-11-2022,214.83,C,North,5.63,2773.76,0,0,0
05-11-2022,231.82,D,South,3.13,4758.93,0,0,0
06-11-2022,245.1,A,North,2.95,4707.6,0,0,0
07-11-2022,202.8,D,South,7.33,3884.27,0,0,0
08-11-2022,234.13,D,West,24.4,19492.71,1,0,0
09-11-2022,212.37,C,East,1.93,4511.64,0,0,0
10-11-2022,210.28,C,West,22.46,47519.51,1,0,0
11-11-2022,232.01,D,West,8.98,8955.2,0,0,0
12-11-2022,228,C,West,3.5,8662.34,0,0,0
13-11-2022,184.05,B,West,5.51,8904.22,0,0,0
14-11-2022,245.75,D,East,3.6,2700.05,0,0,0
15-11-2022,244.47,C,West,1.26,349.82,0,0,0
16-11-2022,205.02,D,North,5.89,2610.67,0,0,0
17-11-2022,226.11,C,East,5.25,2787.07,0,0,0
18-11-2022,228.76,B,East,12.54,34041.04,1,0,0
19-11-2022,224.78,B,North,4.52,6492.43,0,0,0
20-11-2022,209.26,D,South,7.97,817.04,0,0,0
21-11-2022,207.55,B,West,5.9,1353.79,0,0,0
22-11-2022,221.19,B,East,0.97,1556.76,0,0,0
23-11-2022,245.88,C,West,5.48,6304.22,0,0,0
24-11-2022,234.04,D,West,7.03,7354.14,0,0,0
25-11-2022,216.5,C,North,25.18,43509.16,1,0,0
26-11-2022,240.1,C,North,6.29,9406.37,0,0,0
27-11-2022,168.46,A,North,1.53,2017.05,0,0,0
28-11-2022,249.18,B,West,7.1,3097.72,0,0,0
29-11-2022,192.18,C,East,6.77,2403.23,0,0,0
30-11-2022,220.52,C,East,0.24,3587.62,0,0,0
01-12-2022,206.17,C,South,4.12,9146.65,0,0,0
02-12-2022,203.47,B,West,3.33,5751.13,0,0,0
03-12-2022,253.39,B,South,6.69,7381.92,0,0,0
04-12-2022,221.63,B,South,2.16,4901.19,0,0,0
05-12-2022,238.74,D,South,5.91,288.58,0,0,0
06-12-2022,231.7,C,South,9.13,641.95,0,0,0
07-12-2022,243.02,B,South,7.98,5379.23,0,0,0
08-12-2022,235.85,C,West,9.21,7187.89,0,0,0
09-12-2022,209.5,D,North,9.79,2153.31,0,0,0
10-12-2022,255.94,A,South,0.11,7219.1,0,0,0
11-12-2022,227,D,East,6.23,8106.66,0,0,0
12-12-2022,206.6,B,West,4.13,4118.97,0,0,0
13-12-2022,230.04,B,South,8.6,7464.19,0,0,0
14-12-2022,269.49,D,East,2.52,4040.3,0,0,0
15-12-2022,257.36,C,South,9.81,6783.51,0,0,0
16-12-2022,234.26,B,North,6.14,7639.97,0,0,0
17-12-2022,235.13,B,West,7.94,9919.27,0,0,0
18-12-2022,236.57,D,North,0.86,3453.97,0,0,0
19-12-2022,285.43,C,East,1.83,4110.41,0,0,0
20-12-2022,252.43,D,South,7.58,1656.2,0,0,0
21-12-2022,254.29,D,North,0.22,2040.73,0,0,0
22-12-2022,267.19,C,North,8.17,6933.95,0,0,0
23-12-2022,252.26,C,South,0.14,9170.46,0,0,0
24-12-2022,243.21,A,West,16.14,10809.45,1,0,0
25-12-2022,245.37,D,East,3.65,1798.44,0,0,0
26-12-2022,248.77,C,West,6.11,2850.99,0,0,0
27-12-2022,250.37,B,East,20.88,31010.02,1,0,0
28-12-2022,266.57,A,East,21.03,48961.25,1,0,0
29-12-2022,,D,North,1.08,2335.79,0,0,1
30-12-2022,268.49,C,South,0.7,7359.84,0,0,0
31-12-2022,253.14,A,West,5.89,78.45,0,0,0
01-01-2023,257.23,A,North,5.21,5392.31,0,1,0
02-01-2023,216.61,B,North,7.42,7937.67,0,0,0
03-01-2023,275.81,A,North,5.1,2662.28,0,0,0
04-01-2023,265.32,D,West,4.22,6032.92,0,0,0
05-01-2023,279.26,C,North,3.98,6689,0,0,0
06-01-2023,202.28,A,South,0.26,6550.25,0,0,0
07-01-2023,302.88,A,North,3.36,4458.5,0,0,0
08-01-2023,259.22,D,North,9.76,3465.78,0,0,0
09-01-2023,285.08,B,East,8.74,8359.24,0,0,0
10-01-2023,243.02,B,North,3.29,7584.46,0,0,0
11-01-2023,276.97,C,West,5.88,3212.55,0,0,0
12-01-2023,244.54,D,West,8.47,1030.19,0,0,0
13-01-2023,254.02,B,South,14.1,29489.98,1,0,0
14-01-2023,305.66,C,West,0.18,942.76,0,0,0
15-01-2023,264.45,C,West,0.75,5828.69,0,0,0
16-01-2023,273.5,B,North,5.1,516.62,0,0,0
17-01-2023,287.43,D,South,9.69,3369.27,0,0,0
18-01-2023,280.81,A,West,6.93,7532,0,0,0
19-01-2023,274.77,B,South,0.71,2943.48,0,0,0
20-01-2023,279.93,A,South,1.89,7633.08,0,0,0
21-01-2023,321.55,A,East,7.71,7454.67,0,0,0
22-01-2023,273.18,D,East,8.41,2458.27,0,0,0
23-01-2023,279.21,D,North,6.18,7288.22,0,0,0
24-01-2023,297.04,C,West,13.57,22873.87,1,0,0
25-01-2023,298.97,D,North,19.86,19859.12,1,0,0
26-01-2023,301.43,C,North,8.29,2104.2,0,0,0
27-01-2023,291.29,B,South,7.88,5212.71,0,0,0
28-01-2023,256.47,A,South,2.59,9213.98,0,0,0
29-01-2023,312.81,D,South,7.09,6396.17,0,0,0
30-01-2023,258.01,B,North,2.15,1729.22,0,0,0
31-01-2023,287.79,C,West,28.47,31145.19,1,0,0
01-02-2023,267.44,D,North,2.01,4272.03,0,0,0
02-02-2023,282.02,A,North,1.79,5915.29,0,0,0
03-02-2023,290.65,B,North,3.38,7340.64,0,0,0
04-02-2023,291.26,D,East,23.18,11490.16,1,0,0
05-02-2023,294.03,D,East,5.09,8139.84,0,0,0
06-02-2023,318.61,B,West,4.77,7221.56,0,0,0
07-02-2023,296.14,C,East,2.71,6150.73,0,0,0
08-02-2023,282.92,C,North,0.29,1507.93,0,0,0
09-02-2023,307.8,D,East,6.05,8359.49,0,0,0
10-02-2023,313.02,C,East,10.08,28119.92,1,0,0
11-02-2023,265.38,C,North,2.99,1369.65,0,0,0
12-02-2023,302.57,B,West,8.67,4882.41,0,0,0
13-02-2023,305.33,C,East,7.47,2588.89,0,0,0
14-02-2023,286.02,C,North,8.58,7545.23,0,0,0
15-02-2023,320.15,B,North,4.95,7216.3,0,0,0
16-02-2023,290.28,D,North,1.31,1408.85,0,0,0
17-02-2023,296.43,D,South,6.96,8770.27,0,0,0
18-02-2023,291.09,B,North,2.06,1809.73,0,0,0
19-02-2023,295.48,A,East,4.41,7972.59,0,0,0
20-02-2023,273.85,B,East,0.65,4569.8,0,0,0
21-02-2023,267.56,A,North,8.25,3282.72,0,0,0
22-02-2023,328.84,C,South,1.26,1582.39,0,0,0
23-02-2023,280.58,D,South,9.03,1676.14,0,0,0
24-02-2023,278.25,A,South,8.64,6618.91,0,0,0
25-02-2023,255.56,A,East,4.65,5504.3,0,0,0
26-02-2023,286.38,C,South,7.44,1220.85,0,0,0
27-02-2023,273.22,D,West,6.19,1126.98,0,0,0
28-02-2023,333.03,C,West,8.03,723.11,0,0,0
01-03-2023,320.88,D,South,4.32,7437.67,0,0,0
02-03-2023,287.41,D,West,7.86,7118.82,0,0,0
03-03-2023,346.69,C,North,4.62,584.31,0,0,0
04-03-2023,321.74,A,South,25.66,45684.48,1,0,0
05-03-2023,296.05,B,South,4.86,846.76,0,0,0
06-03-2023,252.99,D,South,4.63,9037.46,0,0,0
07-03-2023,349.22,D,North,7.85,9071.17,0,0,0
08-03-2023,276.01,B,North,22.5,48124.44,1,0,0
09-03-2023,271.29,B,South,5.54,9261.89,0,0,0
10-03-2023,325.03,C,East,1.8,8114.53,0,0,0
11-03-2023,353.74,D,East,4.68,8285.39,0,0,0
12-03-2023,332.98,C,West,9.68,5697.08,0,0,0
13-03-2023,316.91,B,North,7.53,3060.59,0,0,0
14-03-2023,317.85,C,West,8.11,2177.99,0,0,0
15-03-2023,323.33,D,West,0.33,3272,0,0,0
16-03-2023,321.74,A,South,4.68,6284.95,0,0,0
17-03-2023,312.46,A,East,6.47,1726.57,0,0,0
18-03-2023,309.19,D,West,8.3,2586.4,0,0,0
19-03-2023,306.1,C,South,0.49,4680.61,0,0,0
20-03-2023,292.51,B,North,8.52,2330.5,0,0,0
21-03-2023,302.2,B,West,5.48,5886.44,0,0,0
22-03-2023,274.16,A,East,14.98,48122.91,1,0,0
23-03-2023,306.25,C,North,3.17,7480.89,0,0,0
24-03-2023,288.62,B,South,2.82,6664.27,0,0,0
25-03-2023,286.49,B,North,5.31,5827.21,0,0,0
26-03-2023,312.31,D,West,0.52,4879.48,0,0,0
27-03-2023,336.69,C,North,29.73,26075.95,1,0,0
28-03-2023,327.33,C,North,8.13,8947.1,0,0,0
29-03-2023,277.66,B,North,1.33,2485.36,0,0,0
30-03-2023,289.37,C,East,2.33,913.09,0,0,0
31-03-2023,328.05,C,West,4.53,7500.15,0,0,0
01-04-2023,289.65,C,South,5.17,1756.16,0,0,0
02-04-2023,304.85,D,East,7.64,3718.96,0,0,0
03-04-2023,320.38,B,West,4.47,282.85,0,0,0
04-04-2023,290.03,A,South,7.9,1370.68,0,0,0
05-04-2023,311.5,C,South,6.18,1732.04,0,0,0
06-04-2023,,B,South,13.42,48330.05,1,0,1
07-04-2023,297.33,A,West,1.56,6566.57,0,0,0
08-04-2023,315.71,D,South,4.37,8370.08,0,0,0
09-04-2023,277.4,B,South,3.97,3733.15,0,0,0
10-04-2023,317.99,D,East,7.44,8745.76,0,0,0
11-04-2023,308.7,B,South,5.81,2133.47,0,0,0
12-04-2023,320.05,D,North,3.88,3253.9,0,0,0
13-04-2023,313.36,B,East,1.71,1507.37,0,0,0
14-04-2023,336.03,D,East,2.27,6205.59,0,0,0
15-04-2023,311.11,A,West,5.76,4198.7,0,0,0
16-04-2023,299.86,B,South,4.23,6132.83,0,0,0
17-04-2023,310.72,A,North,5.15,7616.75,0,0,0
18-04-2023,318.95,C,North,1.71,5457.03,0,0,0
19-04-2023,308.86,A,South,6.63,6276.3,0,0,0
20-04-2023,308.48,B,South,8.53,9352.5,0,0,0
21-04-2023,293.4,A,West,2.58,2990.64,0,0,0
22-04-2023,293.94,B,North,4.92,3591.64,0,0,0
23-04-2023,278.88,D,East,9.76,7177.03,0,0,0
24-04-2023,341.66,C,West,3.33,6113.06,0,0,0
25-04-2023,281.5,A,West,5.95,1785.33,0,0,0
26-04-2023,292.22,C,East,0.9,3761.47,0,0,0
27-04-2023,291.4,A,West,6.06,4678.38,0,0,0
28-04-2023,323.34,B,South,0.9,4193.9,0,0,0
29-04-2023,299.2,A,East,9.59,1782.75,0,0,0
30-04-2023,329.71,C,East,7.16,9244.3,0,0,0
01-05-2023,,A,North,7.88,7623.19,0,0,1
02-05-2023,309.59,C,East,7.04,4813.56,0,0,0
03-05-2023,286.91,C,West,5.9,6800.61,0,0,0
04-05-2023,346.12,B,North,4.5,8972.83,0,0,0
05-05-2023,279.04,D,West,8.58,1361.74,0,0,0
06-05-2023,308.56,D,South,9.57,2503.73,0,0,0
07-05-2023,314.6,A,South,4.99,5427.01,0,0,0
08-05-2023,309.75,C,North,9.32,7990.1,0,0,0
09-05-2023,297.3,B,North,5.83,362.55,0,0,0
10-05-2023,297.94,D,West,5.38,9840.18,0,0,0
11-05-2023,300.92,B,South,4.54,4549.07,0,0,0
12-05-2023,296.6,B,North,2.09,3592.31,0,0,0
13-05-2023,,C,South,0.04,2927.24,0,0,1
14-05-2023,342.72,A,South,2.42,1743.57,0,0,0
15-05-2023,286.83,C,South,5.1,7915.74,0,0,0
16-05-2023,270.04,D,West,3.8,9554.14,0,0,0
17-05-2023,295.11,D,West,4.48,4136.45,0,0,0
18-05-2023,347.91,B,South,9.81,9524.21,0,0,0
19-05-2023,279.67,C,South,3.5,8237.98,0,0,0
20-05-2023,327.94,C,South,4.52,4810.51,0,0,0
21-05-2023,328.11,B,East,1.34,6740.26,0,0,0
22-05-2023,282.88,A,East,0.48,4349.84,0,0,0
23-05-2023,304.72,B,West,7.75,5587.23,0,0,0
24-05-2023,325.28,B,South,22.56,44750.29,1,0,0
25-05-2023,284.5,D,East,7.61,6962.63,0,0,0
26-05-2023,287.37,C,North,29.72,40075.05,1,0,0
27-05-2023,279.15,D,North,25.61,15602.58,1,0,0
28-05-2023,269.83,B,South,2.54,8249.47,0,0,0
29-05-2023,276.48,C,East,2.28,2370.77,0,0,0
30-05-2023,264.31,B,North,0.12,3236.63,0,0,0
31-05-2023,288.78,B,West,1.3,4813.1,0,0,0
01-06-2023,272.01,A,North,3.09,5966.63,0,0,0
02-06-2023,291.39,D,West,1.17,2873.54,0,0,0
03-06-2023,254.89,D,North,9.86,5924.86,0,0,0
04-06-2023,291.91,B,North,3.09,2977.87,0,0,0
05-06-2023,301.25,A,East,1.3,554.91,0,0,0
06-06-2023,243.98,B,North,1.99,25.28,0,0,0
07-06-2023,290.6,B,North,5.88,1011.51,0,0,0
08-06-2023,306.93,B,West,0.64,7922.51,0,0,0
09-06-2023,257.44,A,West,8.62,9614.31,0,0,0
10-06-2023,314.34,C,North,20.88,43526.37,1,0,0
11-06-2023,288.51,A,South,2.47,5126.84,0,0,0
12-06-2023,,B,North,4.5,1468.48,0,0,1
13-06-2023,277.49,C,North,0.22,5510.31,0,0,0
14-06-2023,289,B,East,6.41,1446.55,0,0,0
15-06-2023,278.58,A,North,4.14,6112.14,0,0,0
16-06-2023,287.06,A,North,2.7,9332.59,0,0,0
17-06-2023,257.09,C,West,2.07,1956.99,0,0,0
18-06-2023,278.1,A,West,6.54,7645.64,0,0,0
19-06-2023,245.65,B,West,13.48,48377.58,1,0,0
20-06-2023,270.91,C,West,1.8,3754.97,0,0,0
21-06-2023,254.26,D,North,6.89,1107.49,0,0,0
22-06-2023,256.83,B,South,5.65,3524.75,0,0,0
23-06-2023,295.46,D,East,8.59,1735.37,0,0,0
24-06-2023,291.76,C,East,1.17,3733.05,0,0,0
25-06-2023,281.32,C,South,7.86,4175.23,0,0,0
26-06-2023,246.48,B,South,6.74,3005.91,0,0,0
27-06-2023,261.19,A,East,14.31,47804.7,1,0,0
28-06-2023,290.97,B,North,6.95,9188.52,0,0,0
29-06-2023,268.74,A,East,4.42,4005.95,0,0,0
30-06-2023,311.48,A,South,9.45,1923.43,0,0,0
01-07-2023,272.15,B,North,1.42,2707.23,0,0,0
02-07-2023,267.31,C,East,6.43,8540.01,0,0,0
03-07-2023,256.48,B,North,3.82,5716.4,0,0,0
04-07-2023,264.52,D,North,9.57,4550.11,0,0,0
05-07-2023,257.99,C,South,3.3,1496.37,0,0,0
06-07-2023,274.39,A,West,9.62,4497.27,0,0,0
07-07-2023,278.56,C,East,9.01,2784.92,0,0,0
08-07-2023,242.9,B,South,2.7,9431.63,0,0,0
09-07-2023,231.19,C,East,8.04,8840.7,0,0,0
10-07-2023,220.29,A,West,9.96,839.03,0,0,0
11-07-2023,266.37,A,West,2.53,5166.53,0,0,0
12-07-2023,233.34,C,West,4.37,2250.58,0,0,0
13-07-2023,211.56,D,West,5.2,4107.77,0,0,0
14-07-2023,261.6,A,East,2.95,8768.48,0,0,0
15-07-2023,302.89,D,North,0.15,5275.15,0,0,0
16-07-2023,252.13,A,North,2.2,3342.15,0,0,0
17-07-2023,268.24,C,West,2.82,2078.88,0,0,0
18-07-2023,252.33,A,West,4.44,8003.25,0,0,0
19-07-2023,247.94,D,North,1.71,6245.18,0,0,0
20-07-2023,267.53,D,South,8.73,4680.65,0,0,0
21-07-2023,242.57,C,West,7.05,2174.84,0,0,0
22-07-2023,252.97,D,North,0.85,3342.46,0,0,0
23-07-2023,253.3,D,South,21.38,13967.78,1,0,0
24-07-2023,232.75,C,North,6.54,5200.9,0,0,0
25-07-2023,265.21,A,South,9.56,4006.99,0,0,0
26-07-2023,241.13,C,East,0.03,5214.22,0,0,0
27-07-2023,228.79,A,South,2.48,7789.89,0,0,0
28-07-2023,253.9,A,West,9.28,3401.09,0,0,0
29-07-2023,224.49,A,South,9.32,1787.06,0,0,0
30-07-2023,242.31,B,South,7.21,5849.36,0,0,0
31-07-2023,240.85,A,West,7.66,6652.04,0,0,0
01-08-2023,262.06,C,East,0.91,7127.18,0,0,0
02-08-2023,249.14,C,South,5.14,8819.88,0,0,0
03-08-2023,238.46,C,East,2.32,3711.74,0,0,0
04-08-2023,254.64,B,North,1.81,753.55,0,0,0
05-08-2023,265.42,D,North,24.49,19894.05,1,0,0
06-08-2023,248.12,B,West,1.35,4350.12,0,0,0
07-08-2023,236.52,C,East,4.69,6232.58,0,0,0
08-08-2023,209.43,C,West,9.39,6663.05,0,0,0
09-08-2023,213.73,D,West,1.86,5465.14,0,0,0
10-08-2023,228.31,B,South,9.78,2052.58,0,0,0
11-08-2023,221.61,C,North,9.94,7551.43,0,0,0
12-08-2023,229.45,A,West,5.56,8037.52,0,0,0
13-08-2023,233.73,A,South,1.7,5529.76,0,0,0
14-08-2023,242.61,C,South,3.16,4885.61,0,0,0
15-08-2023,230.03,A,East,20.52,48203.94,1,0,0
16-08-2023,240.6,D,North,3.09,839.52,0,0,0
17-08-2023,231.61,C,East,2.81,3395.65,0,0,0
18-08-2023,190.26,B,East,9.72,3108.46,0,0,0
19-08-2023,210.45,C,West,1.53,9536.56,0,0,0
20-08-2023,225.83,D,East,7.33,7836.23,0,0,0
21-08-2023,204.01,B,West,0,6599.24,0,0,0
22-08-2023,239.7,D,East,28.67,24828.43,1,0,0
23-08-2023,257.83,A,South,9.16,1673.68,0,0,0
24-08-2023,251.12,A,North,2.88,9784.57,0,0,0
25-08-2023,222.01,A,North,1.86,3750.41,0,0,0
26-08-2023,255.64,D,North,10.59,49281.78,1,0,0
27-08-2023,228.36,D,South,7.13,4937.99,0,0,0
28-08-2023,218.21,C,South,6.88,8739.98,0,0,0
29-08-2023,212.27,B,East,3.19,8872.91,0,0,0
30-08-2023,218.08,B,East,2.52,109.66,0,0,0
31-08-2023,215.98,D,East,9.56,8862.96,0,0,0
01-09-2023,226.77,D,East,9.23,2714.84,0,0,0
02-09-2023,226.21,A,North,4.57,389.72,0,0,0
03-09-2023,222.71,D,East,8.46,8477.9,0,0,0
04-09-2023,231.05,A,South,4.52,8638.67,0,0,0
05-09-2023,245.8,D,South,4.24,5962.31,0,0,0
06-09-2023,240.66,B,South,1.57,5744.34,0,0,0
07-09-2023,191.67,C,West,4.26,8131.2,0,0,0
08-09-2023,170.01,D,West,5.37,7863.1,0,0,0
09-09-2023,239.5,A,West,0.23,8901.05,0,0,0
10-09-2023,193.22,C,East,4.44,5527.47,0,0,0
11-09-2023,215.82,A,North,7.81,9676.47,0,0,0
12-09-2023,196.68,A,North,13.36,37151.04,1,0,0
13-09-2023,183.83,C,East,6.35,1165.45,0,0,0
14-09-2023,230.49,C,East,9.1,8495.44,0,0,0
15-09-2023,234.66,C,West,0.18,4998.22,0,0,0
16-09-2023,207.77,D,South,5.57,3875.66,0,0,0
17-09-2023,167.32,C,South,7.87,6130.72,0,0,0
18-09-2023,208.07,D,West,5.41,559.66,0,0,0
19-09-2023,226.71,B,West,3.24,5064.61,0,0,0
20-09-2023,189.18,B,North,1.36,8708.91,0,0,0
21-09-2023,222.32,A,West,8.88,2134.62,0,0,0
22-09-2023,218.26,A,South,4.71,4263.9,0,0,0
23-09-2023,230.08,D,South,8.78,9394.81,0,0,0
24-09-2023,220.83,A,East,5.86,4285.64,0,0,0
25-09-2023,198.93,B,North,6.74,3583.68,0,0,0
26-09-2023,242.3,D,East,10.15,24568.09,1,0,0
27-09-2023,215.18,D,North,6.59,5194.53,0,0,0
28-09-2023,217.81,C,East,3.98,6319.91,0,0,0
29-09-2023,199.71,D,North,5.14,8006.93,0,0,0
30-09-2023,209.54,A,West,8.03,4521.02,0,0,0
01-10-2023,200.75,B,South,3.74,8174.81,0,0,0
02-10-2023,215.05,A,West,3.88,5337.21,0,0,0
03-10-2023,252.82,B,North,0.96,3384.81,0,0,0
04-10-2023,191.24,C,North,9.15,6579.51,0,0,0
05-10-2023,186.51,B,East,0.91,7177.22,0,0,0
06-10-2023,248.33,C,North,6.48,5580.49,0,0,0
07-10-2023,214.85,A,West,4.13,566.15,0,0,0
08-10-2023,205.81,C,North,4.06,1698.83,0,0,0
09-10-2023,,D,North,19.4,44709.9,1,0,1
10-10-2023,207.42,D,East,0.67,2826.26,0,0,0
11-10-2023,256.25,B,North,5.94,6734.21,0,0,0
12-10-2023,233.49,A,East,7.72,183.49,0,0,0
13-10-2023,210.4,A,South,13.29,34247.74,1,0,0
14-10-2023,263.54,B,East,1.71,2653.42,0,0,0
15-10-2023,208.53,D,North,8.97,3100.22,0,0,0
16-10-2023,235.75,C,South,6.56,5279.1,0,0,0
17-10-2023,227.18,B,North,8.82,2159.26,0,0,0
18-10-2023,247.52,C,East,4.85,8844.71,0,0,0
19-10-2023,,C,West,5.42,853.69,0,0,1
20-10-2023,222.76,A,South,9.19,4443.82,0,0,0
21-10-2023,207.39,D,West,9,8494.22,0,0,0
22-10-2023,232.01,C,West,4.48,6158.44,0,0,0
23-10-2023,,D,South,2.74,2923.3,0,0,1
24-10-2023,263.82,A,West,3.93,4207.6,0,0,0
25-10-2023,226.67,B,West,3.88,7066.94,0,0,0
26-10-2023,217.04,B,West,2.87,9732.61,0,0,0
27-10-2023,228.46,A,West,2.69,8931.39,0,0,0
28-10-2023,198.26,A,South,8.61,3424.33,0,0,0
29-10-2023,206.21,C,North,0.7,9981.98,0,0,0
30-10-2023,250.11,A,West,6.78,35.05,0,0,0
31-10-2023,213.44,B,South,1.73,276.3,0,0,0
01-11-2023,206.12,D,South,3.45,8238.41,0,0,0
02-11-2023,238.29,D,South,0.62,1994.63,0,0,0
03-11-2023,251.78,D,South,2.7,607.69,0,0,0
04-11-2023,242.97,D,East,7.68,2371.48,0,0,0
05-11-2023,249.05,A,North,8.85,4261,0,0,0
06-11-2023,214.54,A,North,2.22,7305.66,0,0,0
07-11-2023,201.8,D,West,4.64,6243.36,0,0,0
08-11-2023,260.83,A,South,4.7,2376.21,0,0,0
09-11-2023,224.93,C,East,8.74,5032.7,0,0,0
10-11-2023,226.96,A,South,15.56,18098.7,1,0,0
11-11-2023,259.15,C,West,5.13,8150.08,0,0,0
12-11-2023,244.33,C,North,6.71,3231.9,0,1,0
13-11-2023,242.95,A,West,8.47,9822.65,0,0,0
14-11-2023,277.77,D,West,0.1,7086.2,0,0,0
15-11-2023,222.25,C,West,4.03,624.49,0,0,0
16-11-2023,254.33,A,West,9.07,351.61,0,0,0
17-11-2023,237.59,B,West,7.4,1684.08,0,0,0
18-11-2023,242.5,D,West,5.43,7278.56,0,0,0
19-11-2023,268.39,B,West,5.3,1837.39,0,0,0
20-11-2023,248.68,C,North,3.48,5114.87,0,0,0
21-11-2023,249.99,B,North,5.21,932.6,0,0,0
22-11-2023,261.4,A,South,6.55,9208.86,0,0,0
23-11-2023,233.38,D,South,4.18,3439.61,0,0,0
24-11-2023,224.63,C,East,7.14,9081.32,0,0,0
25-11-2023,221.26,A,East,8.61,9448.76,0,0,0
26-11-2023,203.59,D,North,1.55,61.29,0,0,0
27-11-2023,284.8,C,North,4.52,4641.35,0,0,0
28-11-2023,222.39,C,East,4.08,246.56,0,0,0
29-11-2023,240.8,C,North,6.87,9086.93,0,0,0
30-11-2023,240.48,C,East,2.5,5184.08,0,0,0
01-12-2023,252.96,B,South,6.4,749.44,0,0,0
02-12-2023,263.93,B,North,8.77,1102.77,0,0,0
03-12-2023,265.63,B,North,4.18,3835.09,0,0,0
04-12-2023,237.58,C,East,9.11,9402.34,0,0,0
05-12-2023,246.72,B,West,9.93,6929.09,0,0,0
06-12-2023,256.54,D,West,1.06,8676.19,0,0,0
07-12-2023,246.75,C,South,2.33,3664.57,0,0,0
08-12-2023,284.71,D,North,9.5,432.14,0,0,0
09-12-2023,263.23,D,North,9.58,9743.18,0,0,0
10-12-2023,268.96,B,East,13.14,33837.07,1,0,0
11-12-2023,268.38,C,West,0.15,9476.52,0,0,0
12-12-2023,279.46,B,West,1.61,3686.77,0,0,0
13-12-2023,260.47,B,South,9.96,100.9,0,0,0
14-12-2023,231.79,B,West,1.8,6891.57,0,0,0
15-12-2023,266.6,C,West,5.03,9805.4,0,0,0
16-12-2023,246.46,C,West,8.48,9656.26,0,0,0
17-12-2023,249.79,B,East,0.2,1609.37,0,0,0
18-12-2023,272.98,D,West,6.04,1812.48,0,0,0
19-12-2023,286.91,D,South,2.77,5655.39,0,0,0
20-12-2023,263.46,C,West,8.62,6373.05,0,0,0
21-12-2023,270.11,A,South,2.83,7394.18,0,0,0
22-12-2023,298.88,B,East,12.29,12208.71,1,0,0
23-12-2023,270.55,B,East,6.74,9590.07,0,0,0
24-12-2023,318.67,A,South,2.21,6387.39,0,0,0
25-12-2023,278.86,C,East,0.35,8470.47,0,0,0
26-12-2023,233.24,D,North,10.42,30249.24,1,0,0
27-12-2023,284.43,C,North,2.89,4142.77,0,0,0
28-12-2023,277.89,D,North,8.09,9771.83,0,0,0
29-12-2023,296.97,D,North,8,5821.21,0,0,0
30-12-2023,285.55,C,North,4.57,8668.74,0,0,0
31-12-2023,270.23,B,East,6.07,9532.92,0,0,0
01-01-2024,249.42,B,South,6.04,6753.55,0,1,0
02-01-2024,270.64,B,East,11.27,24535.7,1,0,0
03-01-2024,258.72,D,West,4.25,35.11,0,0,0
04-01-2024,265.03,B,North,2.75,400.2,0,0,0
05-01-2024,289.32,D,North,2.65,2008.51,0,0,0
06-01-2024,311.85,B,East,5.36,1860.08,0,0,0
07-01-2024,287.25,C,West,4.49,2547.59,0,0,0
08-01-2024,,A,East,4.4,3049.35,0,0,1
09-01-2024,290.06,D,South,0.91,3600.65,0,0,0
10-01-2024,306,C,North,7.19,4205.38,0,0,0
11-01-2024,270.77,D,East,2.14,988.66,0,0,0
12-01-2024,281.17,D,South,1.97,423.62,0,0,0
13-01-2024,285.04,C,North,4.13,6739.44,0,0,0
14-01-2024,269.94,B,North,2.28,5373.35,0,0,0
15-01-2024,299.48,D,North,23.72,44212.58,1,0,0
16-01-2024,284.98,A,West,3.71,6344.4,0,0,0
17-01-2024,296.66,A,East,15.36,45563.7,1,0,0
18-01-2024,271.4,C,North,5.37,4276.93,0,0,0
19-01-2024,281.26,A,North,2.04,6411.19,0,0,0
20-01-2024,305.32,C,South,1.56,9535.72,0,0,0
21-01-2024,284.28,C,East,8.8,8396.24,0,0,0
22-01-2024,327.13,D,South,4.34,4260.01,0,0,0
23-01-2024,285.44,C,East,4.12,6447.17,0,0,0
24-01-2024,298.77,C,North,0.36,1770.71,0,0,0
25-01-2024,313.76,B,West,4.98,5605.22,0,0,0
26-01-2024,,D,South,5.54,9813.28,0,0,1
27-01-2024,261.55,A,West,5.59,5183.15,0,0,0
28-01-2024,267.06,B,West,7.07,9276.38,0,0,0
29-01-2024,323.64,B,West,1.77,4073.35,0,0,0
30-01-2024,288.15,D,East,2.52,9988.45,0,0,0
31-01-2024,351.15,D,East,8.11,5792.2,0,0,0
01-02-2024,289.49,B,West,9.47,422.69,0,0,0
02-02-2024,305.24,D,North,1.36,5867.55,0,0,0
03-02-2024,333.16,D,North,4.98,2745.73,0,0,0
04-02-2024,343.21,C,West,2.14,324.81,0,0,0
05-02-2024,345.07,D,South,0.6,8208.53,0,0,0
06-02-2024,328.75,C,South,3.26,2757.3,0,0,0
07-02-2024,325.81,B,East,1.44,7965.49,0,0,0
08-02-2024,317.9,B,South,19.83,24744.83,1,0,0
09-02-2024,322.34,A,North,5.34,1943.26,0,0,0
10-02-2024,296.46,D,West,1.44,9739.36,0,0,0
11-02-2024,291.82,B,South,0.09,3616.45,0,0,0
12-02-2024,308.8,C,West,8.08,6013.76,0,0,0
13-02-2024,306.15,B,South,1.76,6099.81,0,0,0
14-02-2024,301.16,D,East,6.06,5604.73,0,0,0
15-02-2024,324.81,A,North,3.37,9146.96,0,0,0
16-02-2024,330.64,A,East,14.35,31750.5,1,0,0
17-02-2024,313.94,B,West,3.16,4037.33,0,0,0
18-02-2024,342.35,A,North,0.87,8623.8,0,0,0
19-02-2024,290.58,D,North,2.23,1810.63,0,0,0
20-02-2024,310.15,D,East,1.88,5442.37,0,0,0
21-02-2024,300.28,A,South,4.28,9505.5,0,0,0
22-02-2024,277.87,C,East,6.58,6253.98,0,0,0
23-02-2024,314.11,A,West,2.64,8169.68,0,0,0
24-02-2024,313.89,A,South,0.12,6535.61,0,0,0
25-02-2024,347.14,B,East,5.19,8393.71,0,0,0
26-02-2024,330.02,C,East,10.2,21381.62,1,0,0
27-02-2024,297.45,A,South,9.63,2729.22,0,0,0
28-02-2024,355.52,B,South,5.89,1696.61,0,0,0
29-02-2024,343.36,B,South,25.43,44219.44,1,0,0
01-03-2024,331.06,B,East,5.73,7018.62,0,0,0
02-03-2024,315.36,D,South,9.28,2271.91,0,0,0
03-03-2024,301.16,B,South,8.28,41.01,0,0,0
04-03-2024,313.35,B,South,3.23,3429.35,0,0,0
05-03-2024,343.01,D,North,2.37,9688.59,0,0,0
06-03-2024,359.34,D,West,2.63,6949.67,0,0,0
07-03-2024,352.92,B,South,25.98,18637.53,1,0,0
08-03-2024,312.67,A,West,7.44,1925.76,0,0,0
09-03-2024,300.43,C,South,5.03,3560.9,0,0,0
10-03-2024,326.01,D,South,0.68,1698.39,0,0,0
11-03-2024,288.17,C,North,24.54,33550.38,1,0,0
12-03-2024,330.34,D,North,8.06,9067.42,0,0,0
13-03-2024,321.25,B,South,13.11,36249.6,1,0,0
14-03-2024,315.19,D,South,6.64,1641.14,0,0,0
15-03-2024,,B,South,4.27,545.23,0,0,1
16-03-2024,335.36,C,West,8.89,3297.31,0,0,0
17-03-2024,314.7,A,South,8.45,4616.59,0,0,0
18-03-2024,302.21,B,West,5.25,2048.21,0,0,0
19-03-2024,268.4,C,North,6.92,3014.25,0,0,0
20-03-2024,325.52,C,West,8.83,2008.71,0,0,0
21-03-2024,361.72,D,South,4.96,7742.61,0,0,0
22-03-2024,359.69,B,North,3.13,7125.78,0,0,0
23-03-2024,317.5,C,East,26.83,45604.61,1,0,0
24-03-2024,314.77,A,North,2.2,3872.18,0,0,0
25-03-2024,336.34,D,East,3.89,9090.41,0,0,0
26-03-2024,,D,West,8.66,9695.33,0,0,1
27-03-2024,333.25,C,North,7.24,1736.39,0,0,0
28-03-2024,342.64,B,North,4.04,2230.13,0,0,0
29-03-2024,351.95,D,North,2.15,5256.31,0,0,0
30-03-2024,325.49,B,West,3.56,912.51,0,0,0
31-03-2024,323.48,C,South,2.84,4364.48,0,0,0
01-04-2024,310.04,C,West,1.76,5817.91,0,0,0
02-04-2024,311.09,B,North,7.43,5220.74,0,0,0
03-04-2024,323.11,A,South,2.52,3309.09,0,0,0
04-04-2024,334.99,D,North,4.54,5424.46,0,0,0
05-04-2024,,C,North,3.86,9588.01,0,0,1
06-04-2024,311.54,A,East,9.82,2060.17,0,0,0
07-04-2024,357.42,A,North,3.91,6548.31,0,0,0
08-04-2024,322.08,B,West,11.72,44917.95,1,0,0
09-04-2024,327.01,B,West,0.9,664.16,0,0,0
10-04-2024,312.4,B,West,5.91,5518.28,0,0,0
11-04-2024,278.76,A,South,5.99,1049.39,0,0,0
12-04-2024,344.81,D,East,4.19,223.47,0,0,0
13-04-2024,341.74,B,East,4.32,1715.13,0,0,0
14-04-2024,321.23,D,North,0.54,5648.49,0,0,0
15-04-2024,328.04,B,North,5.17,7033.41,0,0,0
16-04-2024,336.84,A,East,5.05,2024.79,0,0,0
17-04-2024,295.08,D,South,1.5,6682.59,0,0,0
18-04-2024,315.55,D,West,1.04,1824.76,0,0,0
19-04-2024,341.8,A,North,1.24,6134.57,0,0,0
20-04-2024,300.6,D,East,1.01,4119.6,0,0,0
21-04-2024,331.32,A,South,6.1,6538,0,0,0
22-04-2024,298.05,A,West,1.96,9950.53,0,0,0
23-04-2024,334.24,C,North,2.51,9378.17,0,0,0
24-04-2024,323.92,B,West,1.74,42.82,0,0,0
25-04-2024,292.03,C,West,9.58,8854.39,0,0,0
26-04-2024,347.31,A,East,8.55,664.91,0,0,0
27-04-2024,309,A,East,2.3,9530.47,0,0,0
28-04-2024,307.15,D,West,3.28,2818.26,0,0,0
29-04-2024,327.01,A,West,2.1,3820.35,0,0,0
30-04-2024,345.61,A,North,4.92,916.38,0,0,0
01-05-2024,301.94,A,South,0.2,1122.73,0,0,0
02-05-2024,323.1,B,South,6.71,7267.41,0,0,0
03-05-2024,330.04,C,West,5.23,9443.32,0,0,0
04-05-2024,334.91,C,East,8.99,6107.48,0,0,0
05-05-2024,324.15,B,South,1.64,7158.5,0,0,0
06-05-2024,312.84,B,West,8.04,7619.7,0,0,0
07-05-2024,303.17,B,East,7.92,2628.14,0,0,0
08-05-2024,320.98,C,North,1.27,452.3,0,0,0
09-05-2024,297.34,C,South,3.99,18.73,0,0,0
10-05-2024,259.87,A,North,1.7,3506.49,0,0,0
11-05-2024,326.53,C,East,17.41,29414.89,1,0,0
12-05-2024,335.36,D,West,2.63,623.18,0,0,0
13-05-2024,269.5,C,North,5.56,1795.28,0,0,0
14-05-2024,296.03,B,West,4.11,1244.99,0,0,0
15-05-2024,328.07,C,South,9.48,9148.78,0,0,0
16-05-2024,356.28,A,North,1.26,1402.67,0,0,0
17-05-2024,314.98,C,South,9.74,5376.48,0,0,0
18-05-2024,299.43,B,South,2.31,5931.06,0,0,0
19-05-2024,309.75,D,South,19.41,25628.7,1,0,0
20-05-2024,340.31,B,South,3.39,990.56,0,0,0
21-05-2024,299.28,D,South,1.43,3187.98,0,0,0
22-05-2024,295.6,A,East,8.58,512.7,0,0,0
23-05-2024,301.31,A,North,3.09,3956.7,0,0,0
24-05-2024,291.26,C,West,6.59,1885.99,0,0,0
25-05-2024,312.14,A,West,5.66,5616.33,0,0,0
26-05-2024,341.53,A,East,4.72,6928.08,0,0,0
27-05-2024,314.84,B,West,4.96,5321.2,0,0,0
28-05-2024,302.66,B,West,7.32,4342.37,0,0,0
29-05-2024,301.2,C,West,12.35,37704.54,1,0,0
30-05-2024,275.09,C,North,6.68,8416.92,0,0,0
31-05-2024,323.32,C,West,28.42,45147.9,1,0,0
01-06-2024,303.41,C,North,0.58,7342.18,0,0,0
02-06-2024,300.65,B,West,1.41,7574.82,0,0,0
03-06-2024,367.41,C,West,7.17,4192,0,0,0
04-06-2024,308.8,C,North,4.37,2973.01,0,0,0
05-06-2024,287.06,A,East,4.04,4705.41,0,0,0
06-06-2024,292.84,C,West,1.37,932.14,0,0,0
07-06-2024,323.6,D,South,5.07,459.3,0,0,0
08-06-2024,302.15,A,South,1.27,1116.03,0,0,0
09-06-2024,270.37,B,East,4.77,1871.45,0,0,0
10-06-2024,316.77,D,South,7.64,5041.77,0,0,0
11-06-2024,284.26,C,North,2.58,8491.37,0,0,0
12-06-2024,334.32,A,West,4.81,2356.42,0,0,0
13-06-2024,317.69,C,West,9.92,9351.62,0,0,0
14-06-2024,286.37,A,West,6.87,9549.08,0,0,0
15-06-2024,320.15,C,West,10.73,37946.28,1,0,0
16-06-2024,295.11,D,South,4.15,8375.63,0,0,0
17-06-2024,310.02,B,South,7.68,3638.25,0,0,0
18-06-2024,301.87,D,South,0.41,726.84,0,0,0
19-06-2024,274.46,D,North,1.23,5688.19,0,0,0
20-06-2024,277.72,B,South,2.03,5586.81,0,0,0
21-06-2024,310.39,A,South,4.02,8499.76,0,0,0
22-06-2024,282.29,A,West,8.46,9959.91,0,0,0
23-06-2024,280.11,B,South,3.46,5081.57,0,0,0
24-06-2024,268.28,C,East,6.55,3452.04,0,0,0
25-06-2024,295.05,A,East,7.09,1859.02,0,0,0
26-06-2024,327.02,D,West,5.86,48,0,0,0
27-06-2024,263.61,B,South,13.43,24279.35,1,0,0
28-06-2024,284.64,D,East,5.77,5555.19,0,0,0
29-06-2024,311.59,A,East,3.42,8249.38,0,0,0
30-06-2024,280.94,B,North,0.84,5045.77,0,0,0
01-07-2024,290.77,B,West,9.93,9164.68,0,0,0
02-07-2024,259.66,A,East,18.24,44999.08,1,0,0
03-07-2024,288.67,A,East,0.72,8403.36,0,0,0
04-07-2024,275.55,B,West,8.79,1483.02,0,0,0
05-07-2024,298.2,C,South,3.02,8553.36,0,0,0
06-07-2024,301.42,B,West,6.5,6751.44,0,0,0
07-07-2024,328.66,C,North,3.29,1702.33,0,0,0
08-07-2024,287.66,D,North,3.91,1897.64,0,0,0
09-07-2024,281.78,C,North,21.75,11680.23,1,0,0
10-07-2024,278.35,C,East,3.43,322.15,0,0,0
11-07-2024,266.6,A,South,4.11,4625.35,0,0,0
12-07-2024,279.64,B,North,7.2,3134.75,0,0,0
13-07-2024,266.17,D,West,5.12,6650.77,0,0,0
14-07-2024,274.65,B,North,9.44,8396.29,0,0,0
15-07-2024,296.85,C,East,0.42,3603.78,0,0,0
16-07-2024,249.59,C,North,5.03,4269.02,0,0,0
17-07-2024,291.74,C,South,5.84,9819.18,0,0,0
18-07-2024,294.51,B,North,9.2,7839.17,0,0,0
19-07-2024,265.03,C,South,0.49,8972.04,0,0,0
20-07-2024,224.19,B,South,5.73,4387.62,0,0,0
21-07-2024,253.71,D,West,8.54,2340.76,0,0,0
22-07-2024,291.05,D,South,2.42,4118.63,0,0,0
23-07-2024,263.91,B,East,8.76,7160.92,0,0,0
24-07-2024,243.63,D,East,0.19,1094.3,0,0,0
25-07-2024,252.79,A,South,7.32,2704.69,0,0,0
26-07-2024,278.96,C,South,14.79,46965.92,1,0,0
27-07-2024,272.36,C,North,6.57,4323.48,0,0,0
28-07-2024,255.93,C,North,4.39,8274.46,0,0,0
29-07-2024,252.66,A,West,0.45,246.64,0,0,0
30-07-2024,251.45,C,North,9.2,6753.24,0,0,0
31-07-2024,240.14,B,East,4.7,9324.96,0,0,0
01-08-2024,290.2,C,North,21.45,24734.98,1,0,0
02-08-2024,250.77,B,West,6.9,6936.35,0,0,0
03-08-2024,280.88,D,West,16.93,11611.13,1,0,0
04-08-2024,286.3,B,South,24.93,25456.62,1,0,0
05-08-2024,275.18,B,West,2.14,2349.29,0,0,0
06-08-2024,245.93,B,South,0.64,1003.31,0,0,0
07-08-2024,261.99,C,East,5.74,1482.83,0,0,0
08-08-2024,252.8,A,East,6.22,7020.36,0,0,0
09-08-2024,234.59,A,North,5.06,7257.59,0,0,0
10-08-2024,258.53,B,West,8.17,6742.37,0,0,0
11-08-2024,227.86,C,East,8.61,3360.78,0,0,0
12-08-2024,274.6,A,South,6.16,1697.77,0,0,0
13-08-2024,240.97,D,West,0.13,5807.61,0,0,0
14-08-2024,253.71,D,West,6.95,4836.8,0,0,0
15-08-2024,254.79,C,South,4.18,7288.34,0,0,0
16-08-2024,243.39,D,West,5.66,4413.6,0,0,0
17-08-2024,259.76,D,West,6.49,3386.4,0,0,0
18-08-2024,237.99,D,East,3.5,2934.79,0,0,0
19-08-2024,264.39,A,South,9.17,2114.7,0,0,0
20-08-2024,219.54,D,East,1.34,2657.46,0,0,0
21-08-2024,248.48,B,South,6.72,948.3,0,0,0
22-08-2024,284.25,B,North,0.04,3468.57,0,0,0
23-08-2024,224.98,D,West,9.25,365.7,0,0,0
24-08-2024,230.97,B,West,1.13,1864.14,0,0,0
25-08-2024,,A,East,0.95,7467.7,0,0,1
26-08-2024,247.22,C,West,3.33,3254.69,0,0,0
27-08-2024,250.22,B,West,3.74,6682.37,0,0,0
28-08-2024,252.57,D,East,2.14,7168.84,0,0,0
29-08-2024,255.08,C,East,5.85,5811.85,0,0,0
30-08-2024,264.19,C,South,4.43,9586.98,0,0,0
31-08-2024,249.81,D,North,0.34,214.4,0,0,0
01-09-2024,236.42,B,East,3.2,7386.53,0,0,0
02-09-2024,254.35,A,South,8.1,9587.87,0,0,0
03-09-2024,278.56,B,East,6.9,8622.72,0,0,0
04-09-2024,237.58,B,South,7.25,1678.93,0,0,0
05-09-2024,220.43,A,North,6.98,3268.2,0,0,0
06-09-2024,261.76,C,South,3.11,1724.52,0,0,0
07-09-2024,236.93,A,South,1,6013.08,0,0,0
08-09-2024,195.61,A,West,2.72,7121.88,0,0,0
09-09-2024,255.75,D,East,8.32,3170.74,0,0,0
10-09-2024,227.86,D,South,9.8,5395.07,0,0,0
11-09-2024,236.52,B,East,24.91,25681.18,1,0,0
12-09-2024,244.76,D,South,0.1,4213.4,0,0,0
13-09-2024,241.72,A,West,1.4,8540.16,0,0,0
14-09-2024,251.92,A,West,3.22,7715.5,0,0,0
15-09-2024,228.84,D,North,5.79,646.66,0,0,0
16-09-2024,247.66,D,South,0.75,6211.25,0,0,0
17-09-2024,232.06,D,West,9.43,2353.26,0,0,0
18-09-2024,251.9,A,East,3.65,5575.18,0,0,0
19-09-2024,249.31,C,South,9.13,9568.88,0,0,0
20-09-2024,218.19,C,South,7.81,8790.62,0,0,0
21-09-2024,258.54,D,North,7.55,4045.16,0,0,0
22-09-2024,226.03,B,East,6.07,2915.14,0,0,0
23-09-2024,252.85,B,North,6.27,2344.06,0,0,0
24-09-2024,243.99,C,South,6.38,5325.15,0,0,0
25-09-2024,273.38,D,North,6.29,1142.48,0,0,0
26-09-2024,232.13,A,South,5.54,5492.75,0,0,0
27-09-2024,229.62,B,South,9.86,13.34,0,0,0
28-09-2024,236.23,B,North,7.32,3238.5,0,0,0
29-09-2024,230.59,A,North,15.82,24487.15,1,0,0
30-09-2024,252.7,A,South,8.72,9712.19,0,0,0
01-10-2024,204.44,D,North,2.16,7272.42,0,0,0
02-10-2024,215.76,A,North,0.84,3496.53,0,0,0
03-10-2024,215.57,A,South,4.83,928.45,0,0,0
04-10-2024,256.04,A,East,5.14,5168.01,0,0,0
05-10-2024,271.37,C,North,8.29,2134.48,0,0,0
06-10-2024,235.2,A,North,4.44,5364.3,0,0,0
07-10-2024,234.06,B,West,5.71,8353.62,0,0,0
08-10-2024,239,D,East,5.27,6157.93,0,0,0
09-10-2024,261.02,D,North,0.38,6337.88,0,0,0
10-10-2024,219.43,D,South,6.15,5410.3,0,0,0
11-10-2024,242.95,C,West,8.28,9272.66,0,0,0
12-10-2024,257.91,B,West,1.58,9319.03,0,0,0
13-10-2024,248.67,A,West,5.94,5127.23,0,0,0
14-10-2024,242.69,B,North,5.94,3057.59,0,0,0
15-10-2024,259.18,D,South,1.64,4595.87,0,0,0
16-10-2024,185.38,A,West,1.23,1865.58,0,0,0
17-10-2024,253.3,D,East,9.8,6363.44,0,0,0
18-10-2024,226.97,D,West,3.94,5000.92,0,0,0
19-10-2024,203.76,D,West,2.27,1033,0,0,0
20-10-2024,250.93,B,East,1.71,1976.48,0,0,0
21-10-2024,268.53,B,West,6.68,4796.32,0,0,0
22-10-2024,238.67,D,West,21.4,43421.42,1,0,0
23-10-2024,260.86,D,East,6.44,5663.91,0,0,0
24-10-2024,274.44,A,North,0.88,6815.35,0,0,0
25-10-2024,268.9,D,East,8.94,3390.29,0,0,0
26-10-2024,275.82,D,North,3.89,5714.11,0,0,0
27-10-2024,258.29,D,North,3.13,4473.8,0,0,0
28-10-2024,245.41,D,North,4.62,6591.3,0,0,0
29-10-2024,212.32,B,East,3.9,505.76,0,0,0
30-10-2024,239.91,D,East,15.75,32527.92,1,0,0
31-10-2024,228.45,C,North,21.16,16489.18,1,0,0
01-11-2024,289.23,D,East,3.03,3261.85,0,1,0
02-11-2024,,B,North,8.64,9609.17,0,0,1
03-11-2024,249.31,C,East,7.82,1826.95,0,0,0
04-11-2024,258.41,C,South,9.31,3112.45,0,0,0
05-11-2024,248.8,D,East,2.46,5098.93,0,0,0
06-11-2024,282.38,D,East,5.77,8630.27,0,0,0
07-11-2024,236.6,B,East,2.75,4166.7,0,0,0
08-11-2024,253.53,C,North,8.24,7438.65,0,0,0
09-11-2024,235.38,C,North,0.05,8563.74,0,0,0
10-11-2024,224.43,B,South,5.65,3100.16,0,0,0
11-11-2024,239.22,D,South,3.39,3927.5,0,0,0
12-11-2024,251.34,A,West,3.23,3565.56,0,0,0
13-11-2024,244.13,A,South,6.45,8328.56,0,0,0
14-11-2024,239.52,C,North,8.51,443.47,0,0,0
15-11-2024,225.9,C,South,6.09,3084.21,0,0,0
16-11-2024,253.04,D,South,8.53,6794.09,0,0,0
17-11-2024,225.28,A,East,2.65,5654.43,0,0,0
18-11-2024,271.27,C,South,5.2,4362.89,0,0,0
19-11-2024,258.42,D,West,12.26,43281.63,1,0,0
20-11-2024,228.33,A,East,0.12,1975.85,0,0,0
21-11-2024,252.01,B,North,22.72,47721.95,1,0,0
22-11-2024,243.88,C,West,6.62,5017.03,0,0,0
23-11-2024,266.05,B,North,5.92,9011.89,0,0,0
24-11-2024,287.22,A,West,7.36,2608.35,0,0,0
25-11-2024,223.66,D,East,5.71,8678.29,0,0,0
26-11-2024,264.23,D,West,19.07,22990.02,1,0,0
27-11-2024,259.5,A,West,1.16,203.41,0,0,0
28-11-2024,276.91,B,South,5.96,7246.31,0,0,0
29-11-2024,268.53,D,North,2.75,355.52,0,0,0
30-11-2024,250.02,C,East,0.8,9973.81,0,0,0
01-12-2024,259.48,B,West,4.3,8726.37,0,0,0
02-12-2024,250.75,B,North,5.54,2973.44,0,0,0
03-12-2024,289.01,C,North,3.29,2574.11,0,0,0
04-12-2024,268.74,A,South,7.2,3814.41,0,0,0
05-12-2024,307.16,D,North,6.44,3561.67,0,0,0
06-12-2024,268.76,B,East,3.33,3723.38,0,0,0
07-12-2024,256.65,D,South,7.55,3182.77,0,0,0
08-12-2024,241.39,D,West,6.49,6211.33,0,0,0
09-12-2024,236.45,B,East,6.37,1642.64,0,0,0
10-12-2024,241.69,A,East,5.53,8459.81,0,0,0
11-12-2024,279.58,B,East,0.11,8124.02,0,0,0
12-12-2024,285.28,A,South,6.97,4764.83,0,0,0
13-12-2024,244.35,C,North,19.35,35685.17,1,0,0
14-12-2024,294.75,A,East,9.43,2471.45,0,0,0
15-12-2024,268.07,A,North,8.18,175.65,0,0,0
16-12-2024,281.55,B,North,5.88,6192.08,0,0,0
17-12-2024,311.75,D,East,2.52,4579.09,0,0,0
18-12-2024,298.33,D,North,2.04,5671.65,0,0,0
19-12-2024,275.92,A,South,11.14,36852.14,1,0,0
20-12-2024,264.36,A,South,4.77,9699.26,0,0,0
21-12-2024,240.05,B,West,2.96,6344.53,0,0,0
22-12-2024,269.6,A,North,5.15,7640.56,0,0,0
23-12-2024,280.67,B,North,1.65,838.08,0,0,0
24-12-2024,266.05,C,West,9.78,1607.16,0,0,0
25-12-2024,284.08,A,South,1.08,7332.05,0,0,0
26-12-2024,289.15,C,West,9.32,4313.65,0,0,0
27-12-2024,284.02,A,West,9.14,4459.65,0,0,0
28-12-2024,276.43,A,West,5.25,3086.08,0,0,0
29-12-2024,293.71,C,North,7.25,6073.56,0,0,0
30-12-2024,300.09,C,North,4.36,1851.65,0,0,0
31-12-2024,270.35,B,North,6.3,6269.16,0,0,0
01-01-2025,321.29,B,North,3.41,1737.99,0,1,0
02-01-2025,292.01,C,East,3.01,638.26,0,0,0
03-01-2025,295.27,A,West,5.78,3303.58,0,0,0
04-01-2025,309.96,B,West,14.71,19085.96,1,0,0
05-01-2025,301.37,A,North,5.8,8889.92,0,0,0
06-01-2025,316.67,D,South,2.87,549.53,0,0,0
07-01-2025,304.26,B,East,3.67,1766.14,0,0,0
08-01-2025,287.17,B,East,0.84,5487.2,0,0,0
09-01-2025,307.54,B,South,0.52,4810.67,0,0,0
10-01-2025,278.34,D,North,2.53,458.52,0,0,0
11-01-2025,304.28,C,East,0.74,72.52,0,0,0
12-01-2025,302.33,A,East,1.04,9880.68,0,0,0
13-01-2025,299.72,D,West,8.13,6588.35,0,0,0
14-01-2025,302.2,C,West,0.39,3654.06,0,0,0
15-01-2025,268.01,B,North,14.27,38415.51,1,0,0
16-01-2025,295.55,C,North,2.73,2665.5,0,0,0
17-01-2025,309.25,C,West,8.72,3448.74,0,0,0
18-01-2025,311.46,C,West,4.85,6490.44,0,0,0
19-01-2025,288.57,A,West,3.06,8828.12,0,0,0
20-01-2025,335.3,C,South,20.23,27289.08,1,0,0
21-01-2025,293.51,C,East,3.82,8403.62,0,0,0
22-01-2025,331.07,C,North,5.64,1215.57,0,0,0
23-01-2025,321.07,C,North,1.15,2149.92,0,0,0
24-01-2025,300.44,D,South,9.97,371.75,0,0,0
25-01-2025,349.69,D,West,4.26,1408.12,0,0,0
26-01-2025,291.14,C,East,3.48,9173.03,0,0,0
27-01-2025,334.21,C,West,7.1,4594.39,0,0,0
28-01-2025,336.65,C,North,3.64,776.66,0,0,0
29-01-2025,304.03,B,South,8.33,9597.27,0,0,0
30-01-2025,346.08,C,East,4.54,8789.92,0,0,0
31-01-2025,314.02,C,East,7.2,7546.83,0,0,0
01-02-2025,325.57,D,East,1.07,9334.73,0,0,0
02-02-2025,325.78,D,East,8.46,2201.29,0,0,0
03-02-2025,318.65,D,South,7.36,8363.69,0,0,0
04-02-2025,338.31,A,North,2.12,6899.91,0,0,0
05-02-2025,338.71,B,East,1.45,8697.59,0,0,0
06-02-2025,288.6,C,East,3.16,7969.12,0,0,0
07-02-2025,,D,North,9.76,3464.95,0,0,1
08-02-2025,291.77,A,West,2.57,7743.99,0,0,0
09-02-2025,346.38,C,East,4.56,2624.56,0,0,0
10-02-2025,348.97,C,East,0.3,3285.92,0,0,0
11-02-2025,305.3,D,West,3.97,1079.06,0,0,0
12-02-2025,319.59,C,North,5.71,9350.77,0,0,0
13-02-2025,306.36,C,North,9.53,2910.03,0,0,0
14-02-2025,324.83,C,East,5.17,5206.22,0,0,0
15-02-2025,323.62,D,North,8.19,3913.33,0,0,0
16-02-2025,346.01,A,West,5.47,9599.28,0,0,0
17-02-2025,357.25,C,South,0.41,3350.49,0,0,0
18-02-2025,359.58,A,West,3.15,7785.46,0,0,0
19-02-2025,321.03,C,West,5.76,8554.16,0,0,0
20-02-2025,328.68,D,South,9.51,4356.06,0,0,0
21-02-2025,299.78,A,West,8.59,3781.72,0,0,0
22-02-2025,317.9,D,East,2.28,7477.46,0,0,0
23-02-2025,353.87,B,East,2.2,9128.96,0,0,0
24-02-2025,367.44,C,North,2.01,7549.32,0,0,0
25-02-2025,310.97,B,North,9.22,2271.26,0,0,0
26-02-2025,324.33,B,West,29.16,46069.67,1,0,0
27-02-2025,336.16,B,East,7.75,3875.82,0,0,0
28-02-2025,342.79,C,East,3.93,5762.29,0,0,0
01-03-2025,321.48,D,South,5.04,8314.36,0,0,0
02-03-2025,346.63,B,North,4.64,1883.95,0,0,0
03-03-2025,329.13,A,East,27.12,45831.95,1,0,0
04-03-2025,338.76,C,West,5.05,5961.63,0,0,0
05-03-2025,350.41,D,East,0.3,8933.42,0,0,0
06-03-2025,340.03,D,North,1.32,1719.7,0,0,0
07-03-2025,331.58,B,West,8.87,4206.82,0,0,0
08-03-2025,338.51,C,North,7.52,8328.43,0,0,0
09-03-2025,339.31,B,East,4.23,192.32,0,0,0
10-03-2025,334.04,A,East,14.12,45796.43,1,0,0
11-03-2025,336.62,D,East,3.7,9905.65,0,0,0
12-03-2025,374.1,D,North,7.41,2803.94,0,0,0
13-03-2025,353.67,C,West,7.84,9755.43,0,0,0
14-03-2025,336.85,D,East,7.63,1825.32,0,0,0
15-03-2025,357,C,East,7.23,3610.94,0,0,0
16-03-2025,336.66,B,East,2.05,7528.69,0,0,0
17-03-2025,367.07,A,South,3.38,6577.78,0,0,0
18-03-2025,,C,South,4.7,5811.22,0,0,1
19-03-2025,341.95,B,West,3.31,5298.99,0,0,0
20-03-2025,353.27,A,North,28.02,22001.22,1,0,0
21-03-2025,313.11,D,East,3.29,2349.49,0,0,0
22-03-2025,322.18,A,East,1.38,4424.71,0,0,0
23-03-2025,321.02,A,North,3.99,1554.52,0,0,0
24-03-2025,347.92,A,North,9.8,5959.42,0,0,0
25-03-2025,379.86,D,West,2.26,2505.44,0,0,0
26-03-2025,389.97,C,North,6.12,3338.42,0,0,0
27-03-2025,358.23,C,East,4.33,4712.51,0,0,0
28-03-2025,355.59,A,West,0.71,267.71,0,0,0
29-03-2025,309.64,B,South,4.88,919.38,0,0,0
30-03-2025,334.88,B,West,7.02,6859.29,0,0,0
31-03-2025,330.04,A,West,5.13,4289.7,0,0,0
01-04-2025,333.43,A,West,8.72,8647.9,0,0,0
02-04-2025,342.51,B,North,2.89,6946.72,0,0,0
03-04-2025,336.45,A,East,0.86,81.01,0,0,0
04-04-2025,306.31,A,North,9.37,6167.12,0,0,0
05-04-2025,360.84,C,East,3.78,937.25,0,0,0
06-04-2025,324.4,C,North,5.76,7809.33,0,0,0
07-04-2025,350.6,A,West,19.66,39228.28,1,0,0
08-04-2025,387.24,A,East,3.24,5311.99,0,0,0
09-04-2025,327.3,D,North,29.56,10447.97,1,0,0
10-04-2025,294.99,C,West,1.35,2373.14,0,0,0
11-04-2025,339.78,A,South,2.91,4375.98,0,0,0
12-04-2025,367.4,D,North,1.45,8560.95,0,0,0
13-04-2025,384.42,D,North,8.11,1674.23,0,0,0
14-04-2025,320.51,D,South,2.23,2655.36,0,0,0
15-04-2025,354.88,D,North,7.17,4454.34,0,0,0
16-04-2025,335.47,C,South,22.31,31939.34,1,0,0
17-04-2025,342.47,D,East,5.28,3758.84,0,0,0
18-04-2025,397.27,C,South,5.4,9277.32,0,0,0
19-04-2025,314.11,D,West,4.61,944.57,0,0,0
20-04-2025,349.01,D,South,3.26,3708.04,0,0,0
21-04-2025,353.05,B,East,4.76,7089.54,0,0,0
22-04-2025,365.15,C,South,6.03,2259.87,0,0,0
23-04-2025,345.12,B,South,10.79,12717.05,1,0,0
24-04-2025,349.04,B,East,9.38,1642.17,0,0,0
25-04-2025,334.75,D,North,8.62,559.8,0,0,0
26-04-2025,347.65,C,North,8.89,1210.16,0,0,0
27-04-2025,335.08,A,West,4.68,9299.85,0,0,0
28-04-2025,354.03,D,West,6.57,5517.51,0,0,0
29-04-2025,333.86,C,South,8.95,7963.46,0,0,0
30-04-2025,348.43,B,North,3.93,3326.55,0,0,0
01-05-2025,339.92,C,North,9.62,5926.59,0,0,0
02-05-2025,362.64,D,South,4.16,4949.52,0,0,0
03-05-2025,338.68,C,East,19.5,47883.5,1,0,0
04-05-2025,303.84,B,North,7.1,7475.75,0,0,0
05-05-2025,364.11,C,West,9.51,7305.43,0,0,0
06-05-2025,320.31,C,South,2.45,463.53,0,0,0
07-05-2025,324.9,B,East,7.46,5496.7,0,0,0
08-05-2025,325.6,D,West,5.21,4669.91,0,0,0
09-05-2025,364.52,A,North,2.69,9278.42,0,0,0
10-05-2025,293.83,B,East,7.77,2573.42,0,0,0
11-05-2025,398.8,B,West,5.52,2698.33,0,0,0
12-05-2025,356.65,D,South,6.61,4113.46,0,0,0
13-05-2025,339.48,D,East,3.23,2433.7,0,0,0
14-05-2025,333.38,C,East,4.81,1291.84,0,0,0
15-05-2025,339.64,B,South,6.17,8574.15,0,0,0
16-05-2025,343.8,C,North,4.05,5582.77,0,0,0
17-05-2025,345.72,C,North,1.98,8613.63,0,0,0
18-05-2025,343.35,D,East,9.62,8311.35,0,0,0
19-05-2025,333.44,D,East,19.48,32632.72,1,0,0
20-05-2025,327.11,C,East,7.34,5477.37,0,0,0
21-05-2025,327.43,B,West,10.14,17129.32,1,0,0
22-05-2025,325.94,B,East,3.55,9152.52,0,0,0
23-05-2025,351.89,C,North,4.07,4042.63,0,0,0
24-05-2025,340.45,A,South,4.09,3936.76,0,0,0
25-05-2025,269.13,A,South,23.55,16795.47,1,0,0
26-05-2025,340.41,D,South,5.43,4606.64,0,0,0
27-05-2025,330.52,B,East,4.97,2517.59,0,0,0
28-05-2025,325.59,C,East,1.35,3748.52,0,0,0
29-05-2025,317.52,C,South,4.96,7999.47,0,0,0
30-05-2025,347.09,B,West,1.69,8342.56,0,0,0
31-05-2025,342.86,D,West,1.26,3041.82,0,0,0
01-06-2025,307.76,D,West,9.33,4690.14,0,0,0
02-06-2025,330.65,A,West,6.05,8738.2,0,0,0
03-06-2025,302.36,B,North,6.59,526.73,0,0,0
04-06-2025,293.48,B,South,4.02,8891.45,0,0,0
05-06-2025,307.82,C,North,9.09,2191.84,0,0,0
06-06-2025,336.87,B,East,6.38,6785.39,0,0,0
07-06-2025,337.94,A,West,7.69,5825.52,0,0,0
08-06-2025,328.4,B,West,3.69,5529.41,0,0,0
09-06-2025,331.89,C,South,9.6,8593.6,0,0,0
10-06-2025,326.95,A,West,8.2,1015.72,0,0,0
11-06-2025,303.04,C,South,8.54,3470.28,0,0,0
12-06-2025,323.74,B,East,1.72,5382.53,0,0,0
13-06-2025,330.34,D,West,2.71,8112.89,0,0,0
14-06-2025,328.65,B,West,2.86,2164.43,0,0,0
15-06-2025,336.56,B,North,2.71,8029.3,0,0,0
16-06-2025,326.17,C,South,10.78,24872.12,1,0,0
17-06-2025,318.24,D,South,0.32,1889.14,0,0,0
18-06-2025,331.83,B,West,0.76,7589.86,0,0,0
19-06-2025,309.1,A,North,2.74,908.99,0,0,0
20-06-2025,291.2,A,West,26.7,49255.08,1,0,0
21-06-2025,304.78,C,South,2.32,638.76,0,0,0
22-06-2025,292.34,C,South,7.98,3564.18,0,0,0
23-06-2025,292.93,D,West,5.63,6010.77,0,0,0
24-06-2025,302.74,C,East,0.06,5561.16,0,0,0
25-06-2025,288.98,D,West,4.29,4046.55,0,0,0
26-06-2025,297.86,B,North,4.08,4290.48,0,0,0
27-06-2025,265.34,A,South,1.14,2267.7,0,0,0
28-06-2025,306.67,A,South,6.76,4558.83,0,0,0
29-06-2025,301.62,A,West,7.02,9532.55,0,0,0
30-06-2025,284.44,C,East,7.21,8504.53,0,0,0
01-07-2025,313.15,C,South,28.57,19112.03,1,0,0
02-07-2025,317.91,B,West,0,297.81,0,0,0
03-07-2025,266.2,C,East,9.54,9335.24,0,0,0
04-07-2025,282.28,D,West,8.14,5267.5,0,0,0
05-07-2025,281.35,A,West,9.04,5378.38,0,0,0
06-07-2025,277.13,B,West,22.43,37545.17,1,0,0
07-07-2025,311.71,D,South,9.34,3146.89,0,0,0
08-07-2025,290.44,D,East,8.1,4819.08,0,0,0
09-07-2025,288.22,C,North,8.37,9686.63,0,0,0
10-07-2025,252.63,C,North,0.93,6721.49,0,0,0
11-07-2025,304.62,A,South,7.39,1537.45,0,0,0
12-07-2025,266.33,B,South,9.6,1332.27,0,0,0
13-07-2025,291.52,D,West,6.79,2042.65,0,0,0
14-07-2025,295.08,C,West,10,16791.71,1,0,0
15-07-2025,315.96,C,East,14.82,36101.08,1,0,0
16-07-2025,261.79,B,West,4.43,213.89,0,0,0
17-07-2025,226.8,B,East,5.99,9441.74,0,0,0
18-07-2025,,C,West,4.76,1697.13,0,0,1
19-07-2025,321.65,C,West,9.33,95.58,0,0,0
20-07-2025,309.66,A,North,0.76,2371.32,0,0,0
21-07-2025,288.31,B,South,5.01,2350.29,0,0,0
22-07-2025,273.53,D,East,6.87,4220.05,0,0,0
23-07-2025,298.76,C,North,7.92,9203.9,0,0,0
24-07-2025,262.4,C,West,5.83,8791.85,0,0,0
25-07-2025,290.66,C,North,9.09,4568.95,0,0,0
26-07-2025,290.51,C,East,9.42,4109,0,0,0
27-07-2025,300.88,A,South,0.64,5550.09,0,0,0
28-07-2025,334.15,B,North,4.02,2434.54,0,0,0
29-07-2025,286.09,C,East,0.23,521.85,0,0,0
30-07-2025,267.36,B,West,3.29,9392.24,0,0,0
31-07-2025,276.33,D,North,5.37,1866.99,0,0,0
01-08-2025,240.77,D,South,9.11,1984.01,0,0,0
02-08-2025,261.57,D,East,8.47,4724.6,0,0,0
03-08-2025,266.6,D,South,1.27,4916.13,0,0,0
04-08-2025,263.64,B,West,0.93,184.34,0,0,0
05-08-2025,276.51,D,South,5.89,1479.55,0,0,0
06-08-2025,256.36,D,West,5.32,3781.55,0,0,0
07-08-2025,294.59,C,West,2.66,6837.31,0,0,0
08-08-2025,271.54,C,North,21.72,47021.77,1,0,0
09-08-2025,270.73,C,West,21.74,25028.23,1,0,0
10-08-2025,263.74,A,South,4.03,5573.45,0,0,0
11-08-2025,272.8,C,North,8.9,8885.92,0,0,0
12-08-2025,285.6,D,West,3.84,3260.71,0,0,0
13-08-2025,251.17,B,East,7.37,1335.58,0,0,0
14-08-2025,254.77,D,East,20.75,47676.2,1,0,0
15-08-2025,261.3,B,West,1.23,7467.22,0,0,0
16-08-2025,239.9,D,North,9.28,1098.6,0,0,0
17-08-2025,249.89,A,North,4.54,4246.83,0,0,0
18-08-2025,256.21,C,North,22.92,14008.45,1,0,0
19-08-2025,282.7,D,South,3.67,335.59,0,0,0
20-08-2025,269.96,C,East,0.19,4829.53,0,0,0
21-08-2025,268.08,A,West,1.01,2981.97,0,0,0
22-08-2025,280.74,A,West,4.96,8451.07,0,0,0
23-08-2025,260.49,C,East,6.9,6021.54,0,0,0
24-08-2025,270.59,C,South,3.35,4539.33,0,0,0
25-08-2025,260.26,B,North,19.74,28576.12,1,0,0
26-08-2025,267.19,C,East,27.57,42699.93,1,0,0
27-08-2025,249.8,C,West,7.04,404.39,0,0,0
28-08-2025,212.26,B,South,4.93,8927.93,0,0,0
29-08-2025,257.95,D,West,9.15,9983.03,0,0,0
30-08-2025,288.7,B,North,4.89,1814.87,0,0,0
31-08-2025,278.39,D,East,4.5,1203.83,0,0,0
01-09-2025,278.81,D,North,1.99,1435.77,0,0,0
02-09-2025,283.87,D,South,3.08,6610.27,0,0,0
03-09-2025,260.58,B,East,0.42,6614.41,0,0,0
04-09-2025,262.43,B,North,6.34,8479.24,0,0,0
05-09-2025,245.82,A,North,2.49,7518.26,0,0,0
06-09-2025,251.55,D,North,3.04,4496.9,0,0,0
07-09-2025,269.9,B,South,7.71,6128.55,0,0,0
08-09-2025,281.39,A,North,3.27,6882.85,0,0,0
09-09-2025,254.27,D,West,2.42,5127.36,0,0,0
10-09-2025,247.81,B,East,1.69,4756.51,0,0,0
11-09-2025,256.59,B,East,7.75,6450.97,0,0,0
12-09-2025,268.39,B,North,1.3,5574.75,0,0,0
13-09-2025,227.29,C,South,4.54,6439.42,0,0,0
14-09-2025,210.05,A,West,5.07,6128.55,0,0,0
15-09-2025,244.79,B,West,6.87,7191.97,0,0,0
16-09-2025,231.23,C,East,6.33,6428.04,0,0,0
17-09-2025,245.34,A,East,8.11,5197.42,0,0,0
18-09-2025,252.41,A,West,0.45,6817.97,0,0,0
19-09-2025,246.19,C,East,2.96,4494.82,0,0,0
20-09-2025,284.2,A,North,2.8,2416.71,0,0,0
21-09-2025,261.6,C,West,1.46,14.18,0,0,0
22-09-2025,261,D,East,2.89,5599.64,0,0,0
23-09-2025,267.38,B,North,3.1,5906.55,0,0,0
24-09-2025,232.12,C,North,5.22,9720.49,0,0,0
25-09-2025,275.65,A,West,6.64,3614.78,0,0,0
26-09-2025,253.34,A,North,3.81,3941.33,0,0,0
27-09-2025,268.27,D,West,7.19,2018,0,0,0
28-09-2025,233.44,D,North,3.36,705.34,0,0,0
29-09-2025,223.83,D,West,2.9,7728.04,0,0,0
30-09-2025,271.31,D,West,5.41,2496.81,0,0,0
01-10-2025,262.54,D,West,0.24,6089.05,0,0,0
02-10-2025,237.05,B,West,0.8,6877.73,0,0,0
03-10-2025,237.78,C,North,4.18,4712.37,0,0,0
04-10-2025,277.79,D,West,9.43,8763.52,0,0,0
05-10-2025,231.62,D,East,7.22,4437.95,0,0,0
06-10-2025,288.39,B,North,28.46,17306.52,1,0,0
07-10-2025,237.68,C,West,8.46,8960.16,0,0,0
08-10-2025,,D,North,7.32,8615.64,0,0,1
09-10-2025,249.46,C,North,6.11,1640.4,0,0,0
10-10-2025,268.29,C,North,8.2,259.61,0,0,0
11-10-2025,245.55,B,North,26.71,34136.7,1,0,0
12-10-2025,253.4,B,West,2.22,2865.47,0,0,0
13-10-2025,257.71,D,North,14.73,32305.7,1,0,0
14-10-2025,237.1,A,East,5.49,5585.16,0,0,0
15-10-2025,272.23,B,North,5.38,3732.62,0,0,0
16-10-2025,247.43,C,North,5.65,8887.16,0,0,0
17-10-2025,253.42,C,East,9.49,4531.36,0,0,0
18-10-2025,238.41,D,West,9.02,3152.39,0,0,0
19-10-2025,207.37,D,East,8.76,9412.2,0,0,0
20-10-2025,255.14,D,South,8.01,8495.18,0,1,0
21-10-2025,307.56,C,East,9.43,8436.68,0,0,0
22-10-2025,275.37,B,West,14.89,21747.06,1,0,0
23-10-2025,259.67,A,East,2.65,7894.38,0,0,0
24-10-2025,255.19,B,North,4.95,1793.53,0,0,0
25-10-2025,261.3,A,West,8.47,5732.23,0,0,0
26-10-2025,272.21,B,South,5.05,9838.46,0,0,0
27-10-2025,238.08,D,West,18.16,12133.61,1,0,0
28-10-2025,284.43,C,North,1.39,7943.52,0,0,0
29-10-2025,276.91,A,South,2.52,4904.78,0,0,0
30-10-2025,277.44,B,West,7.32,398.06,0,0,0
31-10-2025,272.33,C,West,1.65,7630.19,0,0,0
01-11-2025,264.45,A,North,3.51,1685.69,0,0,0
02-11-2025,278.03,A,East,2.65,6314.74,0,0,0
03-11-2025,276.93,C,East,3.5,856.64,0,0,0
04-11-2025,258.55,D,South,7.08,9468.67,0,0,0
05-11-2025,254.7,C,North,12.45,43621.44,1,0,0
06-11-2025,268.77,D,North,5.55,2264.65,0,0,0
07-11-2025,298.28,B,East,1,1291.36,0,0,0
08-11-2025,243.1,B,East,18.2,23582.93,1,0,0
09-11-2025,239.13,C,South,3.7,7119.04,0,0,0
10-11-2025,272.38,D,East,6.49,7416.61,0,0,0
11-11-2025,270.72,B,South,7.25,4994.05,0,0,0
12-11-2025,273.8,D,West,16.49,44192.8,1,0,0
13-11-2025,275.85,D,South,8.85,1100.21,0,0,0
14-11-2025,267.15,D,South,6.16,5598.41,0,0,0
15-11-2025,302.07,C,South,4.29,2469.16,0,0,0
16-11-2025,240.93,D,West,1.82,9771.45,0,0,0
17-11-2025,257.06,C,East,9.42,7965.81,0,0,0
18-11-2025,272.25,B,South,7.55,4129.92,0,0,0
19-11-2025,242.15,B,East,2.08,1513.41,0,0,0
20-11-2025,272.21,A,South,3.38,7853.32,0,0,0
21-11-2025,309.68,A,East,22.53,10715.14,1,0,0
22-11-2025,277.59,B,South,6.96,1893.34,0,0,0
23-11-2025,282.53,D,East,7.66,2115.21,0,0,0
24-11-2025,253.46,D,North,4.41,5568.91,0,0,0
25-11-2025,267.09,B,West,7.16,7870.57,0,0,0
26-11-2025,272.67,B,South,3.86,3143.15,0,0,0
27-11-2025,274.6,A,West,2.11,846.7,0,0,0
28-11-2025,307.36,D,South,6.33,4645.38,0,0,0
29-11-2025,293.67,B,North,9.76,7481.1,0,0,0
30-11-2025,261.08,A,North,3.11,2216.64,0,0,0
01-12-2025,289.04,A,West,4.61,2199.25,0,0,0
02-12-2025,294.89,D,South,6.74,9472.27,0,0,0
03-12-2025,308.54,A,East,5.42,9541.54,0,0,0
04-12-2025,318.17,A,South,8.43,9904.66,0,0,0
05-12-2025,267.09,C,East,7.62,8076.6,0,0,0
06-12-2025,272.01,B,West,0.58,1881.84,0,0,0
07-12-2025,263.92,D,West,9.98,2119.82,0,0,0
08-12-2025,285.23,B,North,7.52,3402.25,0,0,0
09-12-2025,300.09,C,East,8.64,3181.33,0,0,0
10-12-2025,311.37,D,South,6.51,9565.28,0,0,0
11-12-2025,290.97,B,North,8.56,7890.74,0,0,0
12-12-2025,286.96,A,West,16.29,42402.77,1,0,0
13-12-2025,297.26,D,North,3.48,1859.63,0,0,0
14-12-2025,278.4,C,South,24.6,28024.94,1,0,0
15-12-2025,337.77,A,South,2.02,8278.7,0,0,0
16-12-2025,264.71,C,West,0.78,1636.42,0,0,0
17-12-2025,301.45,A,North,7.88,8711.7,0,0,0
18-12-2025,339.12,B,East,8.35,2722.48,0,0,0
19-12-2025,299.67,B,East,1.63,808.7,0,0,0
20-12-2025,296.63,B,East,8.54,6568.22,0,0,0
21-12-2025,294.19,C,South,6.87,6538.05,0,0,0
22-12-2025,298.63,D,North,5.2,949.32,0,0,0
23-12-2025,330.6,B,East,8.3,3188.52,0,0,0
24-12-2025,259.81,C,North,4.19,9928.14,0,0,0
25-12-2025,335.62,A,West,1.94,6784.27,0,0,0
26-12-2025,277.38,B,East,17.57,44437.22,1,0,0
27-12-2025,301.44,A,North,5.05,2129.17,0,0,0
28-12-2025,299.09,B,South,5.31,787.82,0,0,0
29-12-2025,320.36,A,West,8.06,2769.02,0,0,0
30-12-2025,277.54,C,West,7.91,2488.98,0,0,0
31-12-2025,319.65,B,West,5.81,2345.44,0,0,0
